no,area,genre,name,matched_keyword,map_query,page
1,国分,美容・理容,アートアビリ美容室,美容室,アートアビリ美容室 霧島市 国分,1
2,国分,その他,R.R.R.,,R.R.R. 霧島市 国分,1
3,国分,サービス,あいら農業協同組合 本所,農業協同組合,あいら農業協同組合 本所 霧島市 国分,1
4,国分,サービス,あいら農業協同組合 国分購買店舗,農業協同組合,あいら農業協同組合 国分購買店舗 霧島市 国分,1
5,国分,整体・整骨・リラクゼーション,あおい整骨院,整骨院,あおい整骨院 霧島市 国分,1
6,国分,整体・整骨・リラクゼーション,あおい整骨院 国分中央院,整骨院,あおい整骨院 国分中央院 霧島市 国分,1
7,国分,衣料・靴・メガネ,AOKI 霧島国分店,AOKI,AOKI 霧島国分店 霧島市 国分,1
8,国分,カフェ・スイーツ,Aomi Cafe,Cafe,Aomi Cafe 霧島市 国分,1
9,国分,その他,ao-ya apartment store,,ao-ya apartment store 霧島市 国分,1
10,国分,その他,赤から 霧島店,,赤から 霧島店 霧島市 国分,1
11,国分,その他,赤ちょうちん真心,,赤ちょうちん真心 霧島市 国分,1
12,国分,雑貨・花・ギフト,赤塚屋百貨店,百貨店,赤塚屋百貨店 霧島市 国分,1
13,国分,交通・代行,旭交通,交通,旭交通 霧島市 国分,1
14,国分,雑貨・花・ギフト,アトリエ空,アトリエ,アトリエ空 霧島市 国分,1
15,国分,衣料・靴・メガネ,Avail 国分西店,Avail,Avail 国分西店 霧島市 国分,1
16,国分,その他,ABE之屋308,,ABE之屋308 霧島市 国分,1
17,国分,美容・理容,Alice Beauty＋ エルグテクノサロン,サロン,Alice Beauty＋ エルグテクノサロン 霧島市 国分,1
18,国分,その他,アロマショップ Neuna,,アロマショップ Neuna 霧島市 国分,1
19,国分,その他,アワーズ,,アワーズ 霧島市 国分,1
20,国分,その他,andot.,,andot. 霧島市 国分,1
21,国分,美容・理容,アントテン ヘア＆コム,ヘア,アントテン ヘア＆コム 霧島市 国分,1
22,国分,住宅・工務店・設備,イージーライダーハウス,ハウス,イージーライダーハウス 霧島市 国分,1
23,国分,車・バイク・ガソリン,イエローハット 国分店,イエローハット,イエローハット 国分店 霧島市 国分,1
24,国分,整体・整骨・リラクゼーション,いかりやま整骨院,整骨院,いかりやま整骨院 霧島市 国分,1
25,国分,スーパー・食品,居酒屋 IZAYAN（イザヤン）,酒屋,居酒屋 IZAYAN（イザヤン） 霧島市 国分,1
26,国分,スーパー・食品,居酒屋 芋っこ,酒屋,居酒屋 芋っこ 霧島市 国分,1
27,国分,飲食店,IZAKAYA熊七,IZAKAYA,IZAKAYA熊七 霧島市 国分,1
28,国分,飲食店,いざか家商店 座・寿鈴,いざか家,いざか家商店 座・寿鈴 霧島市 国分,1
29,国分,その他,居食屋 中吉,,居食屋 中吉 霧島市 国分,1
30,国分,スーパー・食品,居酒屋ひょうたん,酒屋,居酒屋ひょうたん 霧島市 国分,1
31,国分,スーパー・食品,居酒屋 兵吉,酒屋,居酒屋 兵吉 霧島市 国分,1
32,国分,スーパー・食品,居酒屋 やまと屋,酒屋,居酒屋 やまと屋 霧島市 国分,1
33,国分,スーパー・食品,居酒屋よい亭,酒屋,居酒屋よい亭 霧島市 国分,1
34,国分,スーパー・食品,居酒屋 若大将,酒屋,居酒屋 若大将 霧島市 国分,1
35,国分,サービス,石野商店,商店,石野商店 霧島市 国分,2
36,国分,飲食店,イタリアンバールＭＯＬＴＯ,バール,イタリアンバールＭＯＬＴＯ 霧島市 国分,2
37,国分,その他,いつつみ,,いつつみ 霧島市 国分,2
38,国分,車・バイク・ガソリン,稲満自動車整備工場,自動車,稲満自動車整備工場 霧島市 国分,2
39,国分,その他,彌榮(IYASAKA),,彌榮(IYASAKA) 霧島市 国分,2
40,国分,ドラッグストア・薬局,イルカ調剤薬局 国分店,薬局,イルカ調剤薬局 国分店 霧島市 国分,2
41,国分,その他,いろは,,いろは 霧島市 国分,2
42,国分,宿泊・温泉,岩戸温泉,温泉,岩戸温泉 霧島市 国分,2
43,国分,レジャー・観光,ウィキャントラベル,トラベル,ウィキャントラベル 霧島市 国分,2
44,国分,カフェ・スイーツ,ヴォアラ珈琲 霧島国分本店,珈琲,ヴォアラ珈琲 霧島国分本店 霧島市 国分,2
45,国分,飲食店,うどん 三薫三沐,うどん,うどん 三薫三沐 霧島市 国分,2
46,国分,その他,うなぎの尾方,,うなぎの尾方 霧島市 国分,2
47,国分,整体・整骨・リラクゼーション,うるうカイロプラクティック院,カイロ,うるうカイロプラクティック院 霧島市 国分,2
48,国分,スーパー・食品,Aコープ 清水店,Aコープ,Aコープ 清水店 霧島市 国分,2
49,国分,スーパー・食品,Aコープ 国分店,Aコープ,Aコープ 国分店 霧島市 国分,2
50,国分,スーパー・食品,Aコープ 国分西店,Aコープ,Aコープ 国分西店 霧島市 国分,2
51,国分,衣料・靴・メガネ,ABC-MART フレスポ国分店,ABC-MART,ABC-MART フレスポ国分店 霧島市 国分,2
52,国分,その他,Aープライス 霧島店,,Aープライス 霧島店 霧島市 国分,2
53,国分,その他,auショップ 国分北,,auショップ 国分北 霧島市 国分,2
54,国分,その他,auショップ 国分西店,,auショップ 国分西店 霧島市 国分,2
55,国分,美容・理容,エステティックＴＯＭＯ,エステ,エステティックＴＯＭＯ 霧島市 国分,2
56,国分,家電・ホームセンター,エディオン鹿児島 国分山形屋店,エディオン,エディオン鹿児島 国分山形屋店 霧島市 国分,2
57,国分,衣料・靴・メガネ,江元呉服店,呉服,江元呉服店 霧島市 国分,2
58,国分,車・バイク・ガソリン,オートバックス 鹿児島国分店,オート,オートバックス 鹿児島国分店 霧島市 国分,2
59,国分,カフェ・スイーツ,お菓子の店アグリ,菓子,お菓子の店アグリ 霧島市 国分,2
60,国分,その他,沖縄酒楽やがて,,沖縄酒楽やがて 霧島市 国分,2
61,国分,飲食店,お好み焼・鉄板焼 おじぎ家,お好み焼,お好み焼・鉄板焼 おじぎ家 霧島市 国分,2
62,国分,飲食店,お魚パーラーCENTRO,CENTRO,お魚パーラーCENTRO 霧島市 国分,2
63,国分,その他,おしゃれ工房,,おしゃれ工房 霧島市 国分,2
64,国分,飲食店,お食事処くろだるま 国分店,食事,お食事処くろだるま 国分店 霧島市 国分,2
65,国分,その他,O.HA.NA,,O.HA.NA 霧島市 国分,2
66,国分,カフェ・スイーツ,お野菜喫茶にんにん,喫茶,お野菜喫茶にんにん 霧島市 国分,2
67,国分,その他,ガーリックラボ,,ガーリックラボ 霧島市 国分,2
68,国分,スーパー・食品,海潟ドライ タイヨー国分新町店,タイヨー,海潟ドライ タイヨー国分新町店 霧島市 国分,2
69,国分,スーパー・食品,海潟ドライ フレスポ国分タイヨー広瀬北店,タイヨー,海潟ドライ フレスポ国分タイヨー広瀬北店 霧島市 国分,2
70,国分,飲食店,海鮮茶屋 うを佐 国分店,海鮮,海鮮茶屋 うを佐 国分店 霧島市 国分,2
71,国分,その他,海船ぶた丸,,海船ぶた丸 霧島市 国分,2
72,国分,その他,かき小屋匠ちゃん,,かき小屋匠ちゃん 霧島市 国分,2
73,国分,サービス,カギの１１０番国分,カギ,カギの１１０番国分 霧島市 国分,2
74,国分,飲食店,鹿児島餃子の王将 国分店,餃子,鹿児島餃子の王将 国分店 霧島市 国分,3
75,国分,飲食店,かごしま黒豚 お宿のかくれ家,黒豚,かごしま黒豚 お宿のかくれ家 霧島市 国分,3
76,国分,飲食店,かごしま焼肉ホルモンすだく 霧島本店,焼肉,かごしま焼肉ホルモンすだく 霧島本店 霧島市 国分,3
77,国分,飲食店,鹿児島ラーメンみよし家 牧之原店,ラーメン,鹿児島ラーメンみよし家 牧之原店 霧島市 国分,3
78,国分,宿泊・温泉,家族温泉 いやしの湯 山翠,温泉,家族温泉 いやしの湯 山翠 霧島市 国分,3
79,国分,飲食店,かつや 国分広瀬店,かつや,かつや 国分広瀬店 霧島市 国分,3
80,国分,サービス,加藤商店,商店,加藤商店 霧島市 国分,3
81,国分,カフェ・スイーツ,Cafe Django,Cafe,Cafe Django 霧島市 国分,3
82,国分,カフェ・スイーツ,cafe RiN,cafe,cafe RiN 霧島市 国分,3
83,国分,カフェ・スイーツ,Cafe le Parisien カフェ ル パリジャン,カフェ,Cafe le Parisien カフェ ル パリジャン 霧島市 国分,3
84,国分,車・バイク・ガソリン,鎌田石油 敷根SS,石油,鎌田石油 敷根SS 霧島市 国分,3
85,国分,車・バイク・ガソリン,鎌田石油 国分中央SS,石油,鎌田石油 国分中央SS 霧島市 国分,3
86,国分,車・バイク・ガソリン,鎌田石油 国分南SS,石油,鎌田石油 国分南SS 霧島市 国分,3
87,国分,飲食店,カレーハウスCoCo壱番屋 JS国分店,カレー,カレーハウスCoCo壱番屋 JS国分店 霧島市 国分,3
88,国分,飲食店,辛麺桝元 国分隼人店,桝元,辛麺桝元 国分隼人店 霧島市 国分,3
89,国分,カフェ・スイーツ,かわの菓子店,菓子,かわの菓子店 霧島市 国分,3
90,国分,整体・整骨・リラクゼーション,からだづくりジムノザワ,ジムノザワ,からだづくりジムノザワ 霧島市 国分,3
91,国分,ドラッグストア・薬局,漢方相談 自然専科たんぽぽ,漢方,漢方相談 自然専科たんぽぽ 霧島市 国分,3
92,国分,カフェ・スイーツ,喫茶よしはる,喫茶,喫茶よしはる 霧島市 国分,3
93,国分,その他,kitchen そら,,kitchen そら 霧島市 国分,3
94,国分,飲食店,キッチン花の木,キッチン,キッチン花の木 霧島市 国分,3
95,国分,飲食店,CaptainBarBulletWoods,Bar,CaptainBarBulletWoods 霧島市 国分,3
96,国分,飲食店,牛ちゃん 霧島店,牛ちゃん,牛ちゃん 霧島店 霧島市 国分,3
97,国分,その他,cube×Elena,,cube×Elena 霧島市 国分,3
98,国分,飲食店,今日はカレーが食べたい！,カレー,今日はカレーが食べたい！ 霧島市 国分,3
99,国分,スーパー・食品,業務スーパー 霧島店,業務スーパー,業務スーパー 霧島店 霧島市 国分,3
100,国分,宿泊・温泉,京湯,湯,京湯 霧島市 国分,3
101,国分,その他,きりしま国分山形屋,,きりしま国分山形屋 霧島市 国分,3
102,国分,その他,きりしま国分山形屋 食品フロア,,きりしま国分山形屋 食品フロア 霧島市 国分,3
103,国分,ドラッグストア・薬局,霧島市民薬局,薬局,霧島市民薬局 霧島市 国分,3
104,国分,ドラッグストア・薬局,霧島市民薬局中央,薬局,霧島市民薬局中央 霧島市 国分,3
105,国分,その他,きりしま畜産 hanare,,きりしま畜産 hanare 霧島市 国分,3
106,国分,飲食店,きりしま畜産 ホルモン市場,ホルモン,きりしま畜産 ホルモン市場 霧島市 国分,3
107,国分,その他,きりしま畜産 本店,,きりしま畜産 本店 霧島市 国分,3
108,国分,飲食店,霧島焼肉本舗 炎山,焼肉,霧島焼肉本舗 炎山 霧島市 国分,3
109,国分,カフェ・スイーツ,霧や櫻や,霧や櫻や,霧や櫻や 霧島市 国分,3
110,国分,飲食店,串揚げ 侍,串揚げ,串揚げ 侍 霧島市 国分,3
111,国分,その他,くすげん鈴洋,,くすげん鈴洋 霧島市 国分,3
112,国分,ドラッグストア・薬局,くすりのさかもと 国分店,くすり,くすりのさかもと 国分店 霧島市 国分,3
113,国分,衣料・靴・メガネ,靴の尚美堂 国分店,靴,靴の尚美堂 国分店 霧島市 国分,4
114,国分,美容・理容,クラッパーフォーヘアー,ヘア,クラッパーフォーヘアー 霧島市 国分,4
115,国分,その他,グリーンショップ八ヶ代,,グリーンショップ八ヶ代 霧島市 国分,4
116,国分,カフェ・スイーツ,クレープショップSARU 国分野口西店,クレープ,クレープショップSARU 国分野口西店 霧島市 国分,4
117,国分,飲食店,黒毛和牛焼肉 肉の名門 黒桜,焼肉,黒毛和牛焼肉 肉の名門 黒桜 霧島市 国分,4
118,国分,その他,黒田ぱん製造所,,黒田ぱん製造所 霧島市 国分,4
119,国分,飲食店,黒豚ラーメン藏,ラーメン,黒豚ラーメン藏 霧島市 国分,4
120,国分,その他,GEO鹿児島国分店,,GEO鹿児島国分店 霧島市 国分,4
121,国分,雑貨・花・ギフト,航空雑貨専門店 キリシマ飛行機,雑貨,航空雑貨専門店 キリシマ飛行機 霧島市 国分,4
122,国分,その他,虎炎摩,,虎炎摩 霧島市 国分,4
123,国分,雑貨・花・ギフト,古賀時計店,時計,古賀時計店 霧島市 国分,4
124,国分,その他,GOKAN+(ゴカンプラス),,GOKAN+(ゴカンプラス) 霧島市 国分,4
125,国分,車・バイク・ガソリン,コクピット国分,コクピット,コクピット国分 霧島市 国分,4
126,国分,その他,国分活魚,,国分活魚 霧島市 国分,4
127,国分,その他,国分種苗,,国分種苗 霧島市 国分,4
128,国分,サービス,国分新生社印刷,印刷,国分新生社印刷 霧島市 国分,4
129,国分,その他,国分進行堂,,国分進行堂 霧島市 国分,4
130,国分,レジャー・観光,国分スターレーン,スターレーン,国分スターレーン 霧島市 国分,4
131,国分,車・バイク・ガソリン,国分石油店,石油,国分石油店 霧島市 国分,4
132,国分,整体・整骨・リラクゼーション,こくぶ中央3丁目整骨院,整骨院,こくぶ中央3丁目整骨院 霧島市 国分,4
133,国分,スーパー・食品,国分物産館じょうもん市場,物産館,国分物産館じょうもん市場 霧島市 国分,4
134,国分,飲食店,個室焼肉ひごや,焼肉,個室焼肉ひごや 霧島市 国分,4
135,国分,その他,COS mini 国分店,,COS mini 国分店 霧島市 国分,4
136,国分,美容・理容,コスメティック工房 奈ほ美,コスメ,コスメティック工房 奈ほ美 霧島市 国分,4
137,国分,ドラッグストア・薬局,こすもす薬局,薬局,こすもす薬局 霧島市 国分,4
138,国分,整体・整骨・リラクゼーション,こなか整骨院,整骨院,こなか整骨院 霧島市 国分,4
139,国分,カフェ・スイーツ,コメダ珈琲店 鹿児島国分店,珈琲,コメダ珈琲店 鹿児島国分店 霧島市 国分,4
140,国分,その他,ゴンゼレス 本店,,ゴンゼレス 本店 霧島市 国分,4
141,国分,カフェ・スイーツ,セーフティージャパン,パン,セーフティージャパン 霧島市 国分,4
142,国分,その他,さかなや道場 霧島国分店,,さかなや道場 霧島国分店 霧島市 国分,4
143,国分,その他,肴菜屋もっか,,肴菜屋もっか 霧島市 国分,4
144,国分,その他,さくら農園,,さくら農園 霧島市 国分,4
145,国分,整体・整骨・リラクゼーション,サコー鍼灸整骨院,整骨院,サコー鍼灸整骨院 霧島市 国分,4
146,国分,カフェ・スイーツ,薩摩蒸氣屋 国分店,薩摩蒸氣屋,薩摩蒸氣屋 国分店 霧島市 国分,4
147,国分,雑貨・花・ギフト,薩摩錫器工芸館,工芸,薩摩錫器工芸館 霧島市 国分,4
148,国分,その他,薩摩の味処 喰宴,,薩摩の味処 喰宴 霧島市 国分,4
149,国分,その他,sanando Re:pro,,sanando Re:pro 霧島市 国分,4
150,国分,サービス,サニーワールド 霧島営業所,サニーワールド,サニーワールド 霧島営業所 霧島市 国分,4
151,国分,その他,THE HOUSE,,THE HOUSE 霧島市 国分,4
152,国分,その他,SM2keittio きりしま国分山形屋店,,SM2keittio きりしま国分山形屋店 霧島市 国分,5
153,国分,車・バイク・ガソリン,サン・オート,オート,サン・オート 霧島市 国分,5
154,国分,その他,サンサンランド 国分店,,サンサンランド 国分店 霧島市 国分,5
155,国分,ドラッグストア・薬局,サンドラッグ 国分店,ドラッグ,サンドラッグ 国分店 霧島市 国分,5
156,国分,美容・理容,散髪屋どうしゅん,散髪,散髪屋どうしゅん 霧島市 国分,5
157,国分,家電・ホームセンター,サンライト電器,電器,サンライト電器 霧島市 国分,5
158,国分,医療・福祉,三輪クリニック,クリニック,三輪クリニック 霧島市 国分,5
159,国分,飲食店,さんわラーメン,ラーメン,さんわラーメン 霧島市 国分,5
160,国分,カフェ・スイーツ,ジェラテリアクオーレ,ジェラテリア,ジェラテリアクオーレ 霧島市 国分,5
161,国分,その他,四季彩 なごみ,,四季彩 なごみ 霧島市 国分,5
162,国分,その他,四季の宴 和くうかん,,四季の宴 和くうかん 霧島市 国分,5
163,国分,宿泊・温泉,四季の宿 明翠,宿,四季の宿 明翠 霧島市 国分,5
164,国分,その他,地酒と地肴SAKEbar軈,,地酒と地肴SAKEbar軈 霧島市 国分,5
165,国分,医療・福祉,シティコンタクト 霧島店,コンタクト,シティコンタクト 霧島店 霧島市 国分,5
166,国分,カフェ・スイーツ,シャトレーゼ 霧島国分店,シャトレーゼ,シャトレーゼ 霧島国分店 霧島市 国分,5
167,国分,飲食店,酒膳 福田,膳,酒膳 福田 霧島市 国分,5
168,国分,その他,旬彩 くぼ,,旬彩 くぼ 霧島市 国分,5
169,国分,飲食店,旬膳ふれあい,膳,旬膳ふれあい 霧島市 国分,5
170,国分,飲食店,ジョイフル 国分清水店,ジョイフル,ジョイフル 国分清水店 霧島市 国分,5
171,国分,飲食店,食彩 親,食彩,食彩 親 霧島市 国分,5
172,国分,飲食店,食亭やどころ,食亭,食亭やどころ 霧島市 国分,5
173,国分,医療・福祉,助産院ユズリハ,助産院,助産院ユズリハ 霧島市 国分,5
174,国分,雑貨・花・ギフト,食器の池田,器,食器の池田 霧島市 国分,5
175,国分,整体・整骨・リラクゼーション,神武心体リラクゼーション,リラクゼーション,神武心体リラクゼーション 霧島市 国分,5
176,国分,飲食店,寿司まどか コープ国分店,寿司,寿司まどか コープ国分店 霧島市 国分,5
177,国分,飲食店,寿司まどか 国分広瀬店,寿司,寿司まどか 国分広瀬店 霧島市 国分,5
178,国分,その他,すし魯くら,,すし魯くら 霧島市 国分,5
179,国分,学び・教室,studio JuJu,studio,studio JuJu 霧島市 国分,5
180,国分,飲食店,ステーキダイニングkiyomizu m&ai,ダイニング,ステーキダイニングkiyomizu m&ai 霧島市 国分,5
181,国分,住宅・工務店・設備,ステーキハウス freesia,ハウス,ステーキハウス freesia 霧島市 国分,5
182,国分,その他,Space Be.,,Space Be. 霧島市 国分,5
183,国分,飲食店,炭膳つらぬき,膳,炭膳つらぬき 霧島市 国分,5
184,国分,飲食店,炭火もも焼き炎摩,焼,炭火もも焼き炎摩 霧島市 国分,5
185,国分,スーパー・食品,炭火焼居酒屋 霧家,酒屋,炭火焼居酒屋 霧家 霧島市 国分,5
186,国分,飲食店,炭火焼鳥やがて,焼鳥,炭火焼鳥やがて 霧島市 国分,5
187,国分,飲食店,炭火焼肉×牡蠣海鮮 牡蠣よし,焼肉,炭火焼肉×牡蠣海鮮 牡蠣よし 霧島市 国分,5
188,国分,美容・理容,すみ美容室,美容室,すみ美容室 霧島市 国分,5
189,国分,雑貨・花・ギフト,生活雑貨プレジール 霧島店,雑貨,生活雑貨プレジール 霧島店 霧島市 国分,5
190,国分,その他,生協コープかごしま 国分店,,生協コープかごしま 国分店 霧島市 国分,5
191,国分,その他,瀬戸口近代車,,瀬戸口近代車 霧島市 国分,6
192,国分,コンビニ,セブンイレブン 国分清水１丁目店,セブンイレブン,セブンイレブン 国分清水１丁目店 霧島市 国分,6
193,国分,コンビニ,セブンイレブン 国分重久店,セブンイレブン,セブンイレブン 国分重久店 霧島市 国分,6
194,国分,コンビニ,セブンイレブン 国分シビックセンター前店,セブンイレブン,セブンイレブン 国分シビックセンター前店 霧島市 国分,6
195,国分,コンビニ,セブンイレブン 国分新町店,セブンイレブン,セブンイレブン 国分新町店 霧島市 国分,6
196,国分,コンビニ,セブンイレブン 国分中央1丁目店,セブンイレブン,セブンイレブン 国分中央1丁目店 霧島市 国分,6
197,国分,コンビニ,セブンイレブン 国分中央４丁目店,セブンイレブン,セブンイレブン 国分中央４丁目店 霧島市 国分,6
198,国分,コンビニ,セブンイレブン 国分福島店,セブンイレブン,セブンイレブン 国分福島店 霧島市 国分,6
199,国分,コンビニ,セブンイレブン 国分湊店,セブンイレブン,セブンイレブン 国分湊店 霧島市 国分,6
200,国分,コンビニ,セブンイレブン 国分山下店,セブンイレブン,セブンイレブン 国分山下店 霧島市 国分,6
201,国分,雑貨・花・ギフト,セルフ写真館霧島日和,写真館,セルフ写真館霧島日和 霧島市 国分,6
202,国分,衣料・靴・メガネ,select shop SHERLY,select shop,select shop SHERLY 霧島市 国分,6
203,国分,スーパー・食品,鮮ど市場 霧島店,鮮ど市場,鮮ど市場 霧島店 霧島市 国分,6
204,国分,スーパー・食品,鮮ど市場 国分店,鮮ど市場,鮮ど市場 国分店 霧島市 国分,6
205,国分,雑貨・花・ギフト,善福時計店,時計,善福時計店 霧島市 国分,6
206,国分,飲食店,膳や和花,膳,膳や和花 霧島市 国分,6
207,国分,その他,So sphere,,So sphere 霧島市 国分,6
208,国分,交通・代行,第一交通 霧島営業所,交通,第一交通 霧島営業所 霧島市 国分,6
209,国分,飲食店,大衆いたりあん酒場やがて,酒場,大衆いたりあん酒場やがて 霧島市 国分,6
210,国分,飲食店,大衆酒場やがて商店,酒場,大衆酒場やがて商店 霧島市 国分,6
211,国分,飲食店,diningkitchen カラオケ Rush 本店・中央店,dining,diningkitchen カラオケ Rush 本店・中央店 霧島市 国分,6
212,国分,飲食店,ダイニングなな月,ダイニング,ダイニングなな月 霧島市 国分,6
213,国分,車・バイク・ガソリン,タイヤセブン 国分店,タイヤ,タイヤセブン 国分店 霧島市 国分,6
214,国分,車・バイク・ガソリン,タイヤ安売王ビーライン 国分店,タイヤ,タイヤ安売王ビーライン 国分店 霧島市 国分,6
215,国分,スーパー・食品,タイヨー 国分店,タイヨー,タイヨー 国分店 霧島市 国分,6
216,国分,スーパー・食品,タイヨー 新町店,タイヨー,タイヨー 新町店 霧島市 国分,6
217,国分,スーパー・食品,タイヨー 広瀬北店,タイヨー,タイヨー 広瀬北店 霧島市 国分,6
218,国分,その他,ダイレックス 国分店,,ダイレックス 国分店 霧島市 国分,6
219,国分,その他,ダイレックス 国分新町店,,ダイレックス 国分新町店 霧島市 国分,6
220,国分,その他,ダイレックス 国分山下店,,ダイレックス 国分山下店 霧島市 国分,6
221,国分,飲食店,たまりBARコリンズ,BAR,たまりBARコリンズ 霧島市 国分,6
222,国分,ドラッグストア・薬局,たんぽぽ薬局,薬局,たんぽぽ薬局 霧島市 国分,6
223,国分,その他,Cheers,,Cheers 霧島市 国分,6
224,国分,その他,ちづる,,ちづる 霧島市 国分,6
225,国分,飲食店,ちゃんこ霧島,ちゃんこ,ちゃんこ霧島 霧島市 国分,6
226,国分,飲食店,中華茶房イエンイエン,中華,中華茶房イエンイエン 霧島市 国分,6
227,国分,飲食店,中国料理 青菜,中国料理,中国料理 青菜 霧島市 国分,6
228,国分,整体・整骨・リラクゼーション,辻あんまマッサージ指圧はりきゅう治療院,治療院,辻あんまマッサージ指圧はりきゅう治療院 霧島市 国分,6
229,国分,雑貨・花・ギフト,TSUTAYABOOKSTORE霧島,BOOK,TSUTAYABOOKSTORE霧島 霧島市 国分,6
230,国分,その他,デコルプラース,,デコルプラース 霧島市 国分,7
231,国分,飲食店,手作り洋食の店一番館,一番館,手作り洋食の店一番館 霧島市 国分,7
232,国分,美容・理容,TOTALBEAUTY Vianto ～美案人～,BEAUTY,TOTALBEAUTY Vianto ～美案人～ 霧島市 国分,7
233,国分,サービス,徳田商店,商店,徳田商店 霧島市 国分,7
234,国分,交通・代行,ドコデモ運転代行社,代行,ドコデモ運転代行社 霧島市 国分,7
235,国分,住宅・工務店・設備,富森タタミ店,タタミ,富森タタミ店 霧島市 国分,7
236,国分,その他,冨吉養蜂,,冨吉養蜂 霧島市 国分,7
237,国分,ドラッグストア・薬局,ドラッグイレブン 国分店,ドラッグ,ドラッグイレブン 国分店 霧島市 国分,7
238,国分,ドラッグストア・薬局,ドラッグイレブン 国分府中店,ドラッグ,ドラッグイレブン 国分府中店 霧島市 国分,7
239,国分,ドラッグストア・薬局,ドラッグストアコスモス 国分店,ドラッグ,ドラッグストアコスモス 国分店 霧島市 国分,7
240,国分,ドラッグストア・薬局,ドラッグストアコスモス 国分清水店,ドラッグ,ドラッグストアコスモス 国分清水店 霧島市 国分,7
241,国分,ドラッグストア・薬局,ドラッグストアコスモス 国分新町店,ドラッグ,ドラッグストアコスモス 国分新町店 霧島市 国分,7
242,国分,ドラッグストア・薬局,ドラッグストアコスモス 国分中央店,ドラッグ,ドラッグストアコスモス 国分中央店 霧島市 国分,7
243,国分,ドラッグストア・薬局,ドラッグストアコスモス 松木店,ドラッグ,ドラッグストアコスモス 松木店 霧島市 国分,7
244,国分,ドラッグストア・薬局,ドラッグストアモリ 剣之宇都店,ドラッグ,ドラッグストアモリ 剣之宇都店 霧島市 国分,7
245,国分,ドラッグストア・薬局,ドラッグストアモリ 国分広瀬店,ドラッグ,ドラッグストアモリ 国分広瀬店 霧島市 国分,7
246,国分,ドラッグストア・薬局,ドラッグストアモリ 国分福島店,ドラッグ,ドラッグストアモリ 国分福島店 霧島市 国分,7
247,国分,その他,トラットリア・ロッシ,,トラットリア・ロッシ 霧島市 国分,7
248,国分,スーパー・食品,鶏のみやま 国分南販売所,鶏のみやま,鶏のみやま 国分南販売所 霧島市 国分,7
249,国分,スーパー・食品,鶏のみやま 新町販売所,鶏のみやま,鶏のみやま 新町販売所 霧島市 国分,7
250,国分,スーパー・食品,鶏のみやま 福島販売所,鶏のみやま,鶏のみやま 福島販売所 霧島市 国分,7
251,国分,飲食店,鳥八,鳥,鳥八 霧島市 国分,7
252,国分,整体・整骨・リラクゼーション,とりまる整体院iy,整体,とりまる整体院iy 霧島市 国分,7
253,国分,ドラッグストア・薬局,ナカムラ薬品,薬品,ナカムラ薬品 霧島市 国分,7
254,国分,サービス,永山商店,商店,永山商店 霧島市 国分,7
255,国分,家電・ホームセンター,ニトリ 霧島店,ニトリ,ニトリ 霧島店 霧島市 国分,7
256,国分,その他,nature,,nature 霧島市 国分,7
257,国分,住宅・工務店・設備,野口タタミ・建塗,タタミ,野口タタミ・建塗 霧島市 国分,7
258,国分,飲食店,BAR ést バー エスト,バー,BAR ést バー エスト 霧島市 国分,7
259,国分,飲食店,Bar 30's TOWSER (バー サーティーズ タウザー),バー,Bar 30's TOWSER (バー サーティーズ タウザー) 霧島市 国分,7
260,国分,飲食店,BAR万(YOROZU),BAR,BAR万(YOROZU) 霧島市 国分,7
261,国分,美容・理容,ぱぁる。エステサロン,サロン,ぱぁる。エステサロン 霧島市 国分,7
262,国分,車・バイク・ガソリン,バイクショップ イナドメ,バイク,バイクショップ イナドメ 霧島市 国分,7
263,国分,車・バイク・ガソリン,バイクランド,バイク,バイクランド 霧島市 国分,7
264,国分,その他,bound U(バウンドユー),,bound U(バウンドユー) 霧島市 国分,7
265,国分,カフェ・スイーツ,パティスリー アンパッション,パティスリー,パティスリー アンパッション 霧島市 国分,7
266,国分,カフェ・スイーツ,パティスリー シェ・アオヤマ,パティスリー,パティスリー シェ・アオヤマ 霧島市 国分,7
267,国分,雑貨・花・ギフト,花のフローラ,花,花のフローラ 霧島市 国分,7
268,国分,その他,ハピネス 霧島店,,ハピネス 霧島店 霧島市 国分,7
269,国分,雑貨・花・ギフト,浜崎釣具店,釣具,浜崎釣具店 霧島市 国分,8
270,国分,その他,ハマデン,,ハマデン 霧島市 国分,8
271,国分,スーパー・食品,浜焼居酒屋海鮮太郎,酒屋,浜焼居酒屋海鮮太郎 霧島市 国分,8
272,国分,衣料・靴・メガネ,パリミキ 国分店,パリミキ,パリミキ 国分店 霧島市 国分,8
273,国分,衣料・靴・メガネ,はるやま 鹿児島国分店,はるやま,はるやま 鹿児島国分店 霧島市 国分,8
274,国分,家電・ホームセンター,ハンズマン 国分店,ハンズマン,ハンズマン 国分店 霧島市 国分,8
275,国分,飲食店,飯家ひさひさ,飯家,飯家ひさひさ 霧島市 国分,8
276,国分,美容・理容,Peek hair,hair,Peek hair 霧島市 国分,8
277,国分,その他,Healing sweets kirishima que sera sera,,Healing sweets kirishima que sera sera 霧島市 国分,8
278,国分,雑貨・花・ギフト,ひさご屋百貨店 霧島店,百貨店,ひさご屋百貨店 霧島店 霧島市 国分,8
279,国分,宿泊・温泉,ビジネスホテル 小町,ホテル,ビジネスホテル 小町 霧島市 国分,8
280,国分,整体・整骨・リラクゼーション,ひふみ整骨院,整骨院,ひふみ整骨院 霧島市 国分,8
281,国分,ドラッグストア・薬局,ひまわり薬局,薬局,ひまわり薬局 霧島市 国分,8
282,国分,雑貨・花・ギフト,Pureﬂat学校書店,書店,Pureﬂat学校書店 霧島市 国分,8
283,国分,美容・理容,ビューティーハウス いしはら,ビューティ,ビューティーハウス いしはら 霧島市 国分,8
284,国分,美容・理容,美容室 Lumiere リュミエール ヘア&スパ,美容室,美容室 Lumiere リュミエール ヘア&スパ 霧島市 国分,8
285,国分,その他,BiraBeldad,,BiraBeldad 霧島市 国分,8
286,国分,レジャー・観光,ビリヤード オリーブ,ビリヤード,ビリヤード オリーブ 霧島市 国分,8
287,国分,車・バイク・ガソリン,広瀬鈑金塗装工場,鈑金,広瀬鈑金塗装工場 霧島市 国分,8
288,国分,その他,弘家 せいせい,,弘家 せいせい 霧島市 国分,8
289,国分,その他,ファイトケミカル・ラボ,,ファイトケミカル・ラボ 霧島市 国分,8
290,国分,カフェ・スイーツ,fuzz rock cafe (ファズロックカフェ),カフェ,fuzz rock cafe (ファズロックカフェ) 霧島市 国分,8
291,国分,美容・理容,ファッションサロン・アベニュー,サロン,ファッションサロン・アベニュー 霧島市 国分,8
292,国分,衣料・靴・メガネ,ファッションセンターしまむら 国分店,しまむら,ファッションセンターしまむら 国分店 霧島市 国分,8
293,国分,衣料・靴・メガネ,ファッションセンターしまむら 国分西店,しまむら,ファッションセンターしまむら 国分西店 霧島市 国分,8
294,国分,飲食店,ファミリーダイニングベルグ,ダイニング,ファミリーダイニングベルグ 霧島市 国分,8
295,国分,コンビニ,ファミリーマート 国分向花店,ファミリーマート,ファミリーマート 国分向花店 霧島市 国分,8
296,国分,コンビニ,ファミリーマート はとや新町店,ファミリーマート,ファミリーマート はとや新町店 霧島市 国分,8
297,国分,コンビニ,ファミリーマート はとや広瀬店,ファミリーマート,ファミリーマート はとや広瀬店 霧島市 国分,8
298,国分,飲食店,ふく福国分店,ふく福,ふく福国分店 霧島市 国分,8
299,国分,家電・ホームセンター,ふくもとデンキ,デンキ,ふくもとデンキ 霧島市 国分,8
300,国分,ドラッグストア・薬局,フタヤ薬局 国分店,薬局,フタヤ薬局 国分店 霧島市 国分,8
301,国分,その他,petit bonbon* (ﾌﾟﾁ ﾎﾞﾝﾎﾞﾝ),,petit bonbon* (ﾌﾟﾁ ﾎﾞﾝﾎﾞﾝ) 霧島市 国分,8
302,国分,その他,ふつうのいざかや 悠々～,,ふつうのいざかや 悠々～ 霧島市 国分,8
303,国分,その他,ｐｒｉｖａｔｅ ｓａｌｏｎ ｌｉｌｙ,,ｐｒｉｖａｔｅ ｓａｌｏｎ ｌｉｌｙ 霧島市 国分,8
304,国分,その他,ブラック ジェイド,,ブラック ジェイド 霧島市 国分,8
305,国分,住宅・工務店・設備,フラミンゴハウス,ハウス,フラミンゴハウス 霧島市 国分,8
306,国分,雑貨・花・ギフト,フラワーショップ八ヶ代 花ひろば,花,フラワーショップ八ヶ代 花ひろば 霧島市 国分,8
307,国分,カフェ・スイーツ,フルーツ工房 Uma果,フルーツ工房,フルーツ工房 Uma果 霧島市 国分,8
308,国分,カフェ・スイーツ,フルーツパーラーTAWAWA,フルーツパーラー,フルーツパーラーTAWAWA 霧島市 国分,9
309,国分,カフェ・スイーツ,ブレカフェ,カフェ,ブレカフェ 霧島市 国分,9
310,国分,美容・理容,HAIR ART MiXSPACE,HAIR,HAIR ART MiXSPACE 霧島市 国分,9
311,国分,美容・理容,HAIR COLOR CAFÉ霧島中央店,HAIR,HAIR COLOR CAFÉ霧島中央店 霧島市 国分,9
312,国分,美容・理容,ヘアーサロンTOPIC,ヘア,ヘアーサロンTOPIC 霧島市 国分,9
313,国分,美容・理容,Hair's（ヘアーズ）,ヘア,Hair's（ヘアーズ） 霧島市 国分,9
314,国分,カフェ・スイーツ,ベーカリー＆カフェ ReeNo,カフェ,ベーカリー＆カフェ ReeNo 霧島市 国分,9
315,国分,家電・ホームセンター,ホームプラザナフコ 国分店,ナフコ,ホームプラザナフコ 国分店 霧島市 国分,9
316,国分,美容・理容,ポーラ COLOR ショップ,ポーラ,ポーラ COLOR ショップ 霧島市 国分,9
317,国分,美容・理容,ポーラふれあい,ポーラ,ポーラふれあい 霧島市 国分,9
318,国分,その他,ほっかほっか亭総本部 国分広瀬店,,ほっかほっか亭総本部 国分広瀬店 霧島市 国分,9
319,国分,その他,ほっともっと 国分中央店,,ほっともっと 国分中央店 霧島市 国分,9
320,国分,その他,ほっぷっ,,ほっぷっ 霧島市 国分,9
321,国分,美容・理容,Body care salon Pro リハ,salon,Body care salon Pro リハ 霧島市 国分,9
322,国分,宿泊・温泉,ホテル国分荘,ホテル,ホテル国分荘 霧島市 国分,9
323,国分,宿泊・温泉,ホテルネクステージ,ホテル,ホテルネクステージ 霧島市 国分,9
324,国分,その他,ホワイト急便 旭通店,,ホワイト急便 旭通店 霧島市 国分,9
325,国分,サービス,まいぷれ霧島姶良,まいぷれ,まいぷれ霧島姶良 霧島市 国分,9
326,国分,スーパー・食品,まぐろ家 西谷水産,水産,まぐろ家 西谷水産 霧島市 国分,9
327,国分,飲食店,MAGONIMO餃子,餃子,MAGONIMO餃子 霧島市 国分,9
328,国分,整体・整骨・リラクゼーション,まごのて きりしま整骨院,整骨院,まごのて きりしま整骨院 霧島市 国分,9
329,国分,その他,益屋,,益屋 霧島市 国分,9
330,国分,スーパー・食品,マックスバリュ 国分店,マックスバリュ,マックスバリュ 国分店 霧島市 国分,9
331,国分,スーパー・食品,マックスバリュエクスプレス 松木店,マックスバリュ,マックスバリュエクスプレス 松木店 霧島市 国分,9
332,国分,家電・ホームセンター,松崎電器商会,電器,松崎電器商会 霧島市 国分,9
333,国分,ドラッグストア・薬局,マツモトキヨシ フレスポ国分店,マツモトキヨシ,マツモトキヨシ フレスポ国分店 霧島市 国分,9
334,国分,雑貨・花・ギフト,マルタカヤ模型,模型,マルタカヤ模型 霧島市 国分,9
335,国分,その他,丸俊 国分店,,丸俊 国分店 霧島市 国分,9
336,国分,飲食店,満月のお好み焼 霧島店,お好み焼,満月のお好み焼 霧島店 霧島市 国分,9
337,国分,サービス,南日本新聞国分中央販売所,新聞,南日本新聞国分中央販売所 霧島市 国分,9
338,国分,雑貨・花・ギフト,みやけ写真館,写真館,みやけ写真館 霧島市 国分,9
339,国分,その他,ミヤタカンパニー,,ミヤタカンパニー 霧島市 国分,9
340,国分,車・バイク・ガソリン,ミヤタタイヤ株式会社,タイヤ,ミヤタタイヤ株式会社 霧島市 国分,9
341,国分,スーパー・食品,みやま本舗 国分店,みやま本舗,みやま本舗 国分店 霧島市 国分,9
342,国分,サービス,向井商店・やんきもん,商店,向井商店・やんきもん 霧島市 国分,9
343,国分,その他,名代かつ屋 藤の森,,名代かつ屋 藤の森 霧島市 国分,9
344,国分,住宅・工務店・設備,main家事代行・ハウスクリーニング,ハウス,main家事代行・ハウスクリーニング 霧島市 国分,9
345,国分,衣料・靴・メガネ,眼鏡市場 霧島国分店,眼鏡,眼鏡市場 霧島国分店 霧島市 国分,9
346,国分,衣料・靴・メガネ,眼鏡市場 フレスポ国分店,眼鏡,眼鏡市場 フレスポ国分店 霧島市 国分,9
347,国分,衣料・靴・メガネ,メガネのヨネザワ 国分中央店,メガネ,メガネのヨネザワ 国分中央店 霧島市 国分,10
348,国分,その他,めっけもん 国分店,,めっけもん 国分店 霧島市 国分,10
349,国分,ドラッグストア・薬局,メディコープ国分売店,メディコープ,メディコープ国分売店 霧島市 国分,10
350,国分,その他,麺屋ひさぼう,,麺屋ひさぼう 霧島市 国分,10
351,国分,その他,モード・アンリー,,モード・アンリー 霧島市 国分,10
352,国分,その他,モツ鍋 モツラブ,,モツ鍋 モツラブ 霧島市 国分,10
353,国分,その他,もつや慧,,もつや慧 霧島市 国分,10
354,国分,整体・整骨・リラクゼーション,もみ処 ほぐしあん,もみ,もみ処 ほぐしあん 霧島市 国分,10
355,国分,カフェ・スイーツ,森三 国分中央店,森三,森三 国分中央店 霧島市 国分,10
356,国分,カフェ・スイーツ,森三 敷根本店,森三,森三 敷根本店 霧島市 国分,10
357,国分,飲食店,もりっとホルモンやがて,ホルモン,もりっとホルモンやがて 霧島市 国分,10
358,国分,整体・整骨・リラクゼーション,もりの治療院,治療院,もりの治療院 霧島市 国分,10
359,国分,その他,やきとり大政,,やきとり大政 霧島市 国分,10
360,国分,飲食店,焼肉なべしま 国分店,焼肉,焼肉なべしま 国分店 霧島市 国分,10
361,国分,車・バイク・ガソリン,山内ガスセンター,ガス,山内ガスセンター 霧島市 国分,10
362,国分,飲食店,山喜寿司,寿司,山喜寿司 霧島市 国分,10
363,国分,その他,山昌,,山昌 霧島市 国分,10
364,国分,家電・ホームセンター,ヤマダデンキ テックランド霧島店,ヤマダデンキ,ヤマダデンキ テックランド霧島店 霧島市 国分,10
365,国分,家電・ホームセンター,ヤマダデンキ テックランド国分店,ヤマダデンキ,ヤマダデンキ テックランド国分店 霧島市 国分,10
366,国分,その他,大和,,大和 霧島市 国分,10
367,国分,その他,和らぎの森,,和らぎの森 霧島市 国分,10
368,国分,その他,遊食豚彩いちにいさん 国分店,,遊食豚彩いちにいさん 国分店 霧島市 国分,10
369,国分,家電・ホームセンター,遊電舎,電舎,遊電舎 霧島市 国分,10
370,国分,飲食店,UFO ESPRESSO Barista School,Bar,UFO ESPRESSO Barista School 霧島市 国分,10
371,国分,衣料・靴・メガネ,ユニクロ フレスポ国分店,ユニクロ,ユニクロ フレスポ国分店 霧島市 国分,10
372,国分,住宅・工務店・設備,ユニハウス,ハウス,ユニハウス 霧島市 国分,10
373,国分,飲食店,溶岩焼薩摩屋 本店,焼,溶岩焼薩摩屋 本店 霧島市 国分,10
374,国分,飲食店,溶岩焼薩摩屋 中央店,焼,溶岩焼薩摩屋 中央店 霧島市 国分,10
375,国分,飲食店,溶岩焼 鳥金,焼,溶岩焼 鳥金 霧島市 国分,10
376,国分,飲食店,洋風膳わかまつ,膳,洋風膳わかまつ 霧島市 国分,10
377,国分,衣料・靴・メガネ,洋服の青山 国分店,洋服,洋服の青山 国分店 霧島市 国分,10
378,国分,家電・ホームセンター,吉松電器,電器,吉松電器 霧島市 国分,10
379,国分,その他,米田,,米田 霧島市 国分,10
380,国分,飲食店,拉麺王角,拉麺,拉麺王角 霧島市 国分,10
381,国分,その他,Lani dog,,Lani dog 霧島市 国分,10
382,国分,その他,ラバンバ薩馬タコス,,ラバンバ薩馬タコス 霧島市 国分,10
383,国分,美容・理容,Rabinail,Rabinail,Rabinail 霧島市 国分,10
384,国分,その他,ラ・メゾン・ド ティンカーベル,,ラ・メゾン・ド ティンカーベル 霧島市 国分,10
385,国分,その他,RAMPAL,,RAMPAL 霧島市 国分,10
386,国分,その他,Lamp,,Lamp 霧島市 国分,11
387,国分,住宅・工務店・設備,LIXIL リフォームショップ ミナミホーム,リフォーム,LIXIL リフォームショップ ミナミホーム 霧島市 国分,11
388,国分,住宅・工務店・設備,リモデル松下・松下建設株式会社,建設,リモデル松下・松下建設株式会社 霧島市 国分,11
389,国分,整体・整骨・リラクゼーション,良按堂鍼灸治療院,鍼灸,良按堂鍼灸治療院 霧島市 国分,11
390,国分,その他,Revos car coating Japan,,Revos car coating Japan 霧島市 国分,11
391,国分,飲食店,レストランあずま屋,レストラン,レストランあずま屋 霧島市 国分,11
392,国分,サービス,ローズクリーニング,クリーニング,ローズクリーニング 霧島市 国分,11
393,国分,コンビニ,ローソン 霧島国分上井店,ローソン,ローソン 霧島国分上井店 霧島市 国分,11
394,国分,コンビニ,ローソン 霧島国分清水店,ローソン,ローソン 霧島国分清水店 霧島市 国分,11
395,国分,コンビニ,ローソン 霧島国分野口東店,ローソン,ローソン 霧島国分野口東店 霧島市 国分,11
396,国分,コンビニ,ローソン 国分中央5丁目店,ローソン,ローソン 国分中央5丁目店 霧島市 国分,11
397,国分,コンビニ,ローソン 国分広瀬店,ローソン,ローソン 国分広瀬店 霧島市 国分,11
398,国分,コンビニ,ローソン 国分山下町店,ローソン,ローソン 国分山下町店 霧島市 国分,11
399,国分,コンビニ,ローソン 国分インター店,ローソン,ローソン 国分インター店 霧島市 国分,11
400,国分,衣料・靴・メガネ,ワークハウス安全地帯,ワークハウス,ワークハウス安全地帯 霧島市 国分,11
401,国分,整体・整骨・リラクゼーション,和香整体,整体,和香整体 霧島市 国分,11
402,国分,その他,和創こころ,,和創こころ 霧島市 国分,11
403,隼人,サービス,あいら農業協同組合 隼人購買店舗,農業協同組合,あいら農業協同組合 隼人購買店舗 霧島市 隼人,11
404,隼人,美容・理容,アケ美容室,美容室,アケ美容室 霧島市 隼人,11
405,隼人,スーパー・食品,朝日酢食品,朝日酢食品,朝日酢食品 霧島市 隼人,11
406,隼人,その他,ASH HEAD BREWERY,,ASH HEAD BREWERY 霧島市 隼人,11
407,隼人,その他,あなたのでんき屋 徳永,,あなたのでんき屋 徳永 霧島市 隼人,11
408,隼人,その他,Amuser Balloon,,Amuser Balloon 霧島市 隼人,11
409,隼人,ドラッグストア・薬局,あもりがわ薬局,薬局,あもりがわ薬局 霧島市 隼人,11
410,隼人,カフェ・スイーツ,アリスカフェ,カフェ,アリスカフェ 霧島市 隼人,11
411,隼人,スーパー・食品,有馬精肉店,精肉,有馬精肉店 霧島市 隼人,11
412,隼人,その他,Alegria 涼風堂,,Alegria 涼風堂 霧島市 隼人,11
413,隼人,スーパー・食品,イオン 隼人国分店,イオン,イオン 隼人国分店 霧島市 隼人,11
414,隼人,その他,居心地酔処 月の灯,,居心地酔処 月の灯 霧島市 隼人,11
415,隼人,その他,居食屋りょう,,居食屋りょう 霧島市 隼人,11
416,隼人,美容・理容,いしやま美容室,美容室,いしやま美容室 霧島市 隼人,11
417,隼人,カフェ・スイーツ,一汁三菜ダイニング HICO cafe,cafe,一汁三菜ダイニング HICO cafe 霧島市 隼人,11
418,隼人,その他,インド料理ビスヌ 霧島店,,インド料理ビスヌ 霧島店 霧島市 隼人,11
419,隼人,スーパー・食品,植山かまぼこ屋＆Sayukiカフェ,かまぼこ,植山かまぼこ屋＆Sayukiカフェ 霧島市 隼人,11
420,隼人,スーパー・食品,植山水産,水産,植山水産 霧島市 隼人,11
421,隼人,スーパー・食品,Aコープ 隼人店,Aコープ,Aコープ 隼人店 霧島市 隼人,11
422,隼人,スーパー・食品,Aコープ 姫城店,Aコープ,Aコープ 姫城店 霧島市 隼人,11
423,隼人,その他,A-Zはやと,,A-Zはやと 霧島市 隼人,11
424,隼人,その他,Exotic Animal & Reptiles BUDDY,,Exotic Animal & Reptiles BUDDY 霧島市 隼人,11
425,隼人,家電・ホームセンター,エディオン ハカマダ電器,エディオン,エディオン ハカマダ電器 霧島市 隼人,12
426,隼人,車・バイク・ガソリン,M・Kオートサービス,オート,M・Kオートサービス 霧島市 隼人,12
427,隼人,その他,m's（エムズ）,,m's（エムズ） 霧島市 隼人,12
428,隼人,住宅・工務店・設備,MBC開発 地産事業本部,MBC開発,MBC開発 地産事業本部 霧島市 隼人,12
429,隼人,整体・整骨・リラクゼーション,all age 整骨院,整骨院,all age 整骨院 霧島市 隼人,12
430,隼人,飲食店,お好み焼なにわ,お好み焼,お好み焼なにわ 霧島市 隼人,12
431,隼人,飲食店,オリバー,バー,オリバー 霧島市 隼人,12
432,隼人,スーパー・食品,かごしまラーメン我流風 イオン隼人国分店,イオン,かごしまラーメン我流風 イオン隼人国分店 霧島市 隼人,12
433,隼人,飲食店,鹿児島ラーメンみよし家 空港バイパス店,ラーメン,鹿児島ラーメンみよし家 空港バイパス店 霧島市 隼人,12
434,隼人,宿泊・温泉,家族湯一番えにし,家族湯,家族湯一番えにし 霧島市 隼人,12
435,隼人,宿泊・温泉,家族湯 季一湯,家族湯,家族湯 季一湯 霧島市 隼人,12
436,隼人,美容・理容,カットハウスこだま,カットハウス,カットハウスこだま 霧島市 隼人,12
437,隼人,カフェ・スイーツ,カフェレストラン 東苑,カフェ,カフェレストラン 東苑 霧島市 隼人,12
438,隼人,カフェ・スイーツ,cafeすが商店,cafe,cafeすが商店 霧島市 隼人,12
439,隼人,カフェ・スイーツ,カフェモモ,カフェ,カフェモモ 霧島市 隼人,12
440,隼人,カフェ・スイーツ,Cafe laboratoire recette,Cafe,Cafe laboratoire recette 霧島市 隼人,12
441,隼人,車・バイク・ガソリン,鎌田石油 テクノセンターSS,石油,鎌田石油 テクノセンターSS 霧島市 隼人,12
442,隼人,車・バイク・ガソリン,紙屋石油,石油,紙屋石油 霧島市 隼人,12
443,隼人,レジャー・観光,カラオケボックス ブルエコー はやと見次店,カラオケ,カラオケボックス ブルエコー はやと見次店 霧島市 隼人,12
444,隼人,その他,かわいち国分,,かわいち国分 霧島市 隼人,12
445,隼人,サービス,川添自転車商会,商会,川添自転車商会 霧島市 隼人,12
446,隼人,サービス,川畑商店,商店,川畑商店 霧島市 隼人,12
447,隼人,飲食店,キッチンカー とらや蒲鉾霧島店,キッチン,キッチンカー とらや蒲鉾霧島店 霧島市 隼人,12
448,隼人,飲食店,KITCHEN Q(キッチンキュー),キッチン,KITCHEN Q(キッチンキュー) 霧島市 隼人,12
449,隼人,その他,GIVELIFE,,GIVELIFE 霧島市 隼人,12
450,隼人,スーパー・食品,きりしま製茶,製茶,きりしま製茶 霧島市 隼人,12
451,隼人,その他,きりしま美装,,きりしま美装 霧島市 隼人,12
452,隼人,その他,キレイノカタチ,,キレイノカタチ 霧島市 隼人,12
453,隼人,スーパー・食品,金海堂 イオン隼人国分店,イオン,金海堂 イオン隼人国分店 霧島市 隼人,12
454,隼人,スーパー・食品,靴の尚美堂 イオン隼人国分店,イオン,靴の尚美堂 イオン隼人国分店 霧島市 隼人,12
455,隼人,ドラッグストア・薬局,くにみ薬局 隼人店,薬局,くにみ薬局 隼人店 霧島市 隼人,12
456,隼人,住宅・工務店・設備,隈元畳センター,畳,隈元畳センター 霧島市 隼人,12
457,隼人,スーパー・食品,九面屋 隼人工場売店,九面屋,九面屋 隼人工場売店 霧島市 隼人,12
458,隼人,美容・理容,クリアルヘアーニール,ヘア,クリアルヘアーニール 霧島市 隼人,12
459,隼人,車・バイク・ガソリン,黒木自動車,自動車,黒木自動車 霧島市 隼人,12
460,隼人,カフェ・スイーツ,ケーキハウスプリン,ケーキ,ケーキハウスプリン 霧島市 隼人,12
461,隼人,家電・ホームセンター,ケーズデンキ 霧島店,ケーズデンキ,ケーズデンキ 霧島店 霧島市 隼人,12
462,隼人,ドラッグストア・薬局,けやき薬局,薬局,けやき薬局 霧島市 隼人,12
463,隼人,雑貨・花・ギフト,光輝フォトハウス,フォト,光輝フォトハウス 霧島市 隼人,12
464,隼人,車・バイク・ガソリン,国分隼人ガス,ガス,国分隼人ガス 霧島市 隼人,13
465,隼人,車・バイク・ガソリン,国分隼人自動車学校,自動車,国分隼人自動車学校 霧島市 隼人,13
466,隼人,雑貨・花・ギフト,古道具アンティークショップ Moqu,古道具,古道具アンティークショップ Moqu 霧島市 隼人,13
467,隼人,ドラッグストア・薬局,ことり薬局,薬局,ことり薬局 霧島市 隼人,13
468,隼人,飲食店,ごはん家,ごはん家,ごはん家 霧島市 隼人,13
469,隼人,スーパー・食品,ゴンゼレス イオン隼人国分店,イオン,ゴンゼレス イオン隼人国分店 霧島市 隼人,13
470,隼人,整体・整骨・リラクゼーション,コンディショニングジム トミーズ,コンディショニング,コンディショニングジム トミーズ 霧島市 隼人,13
471,隼人,スーパー・食品,サーティワン イオン隼人国分店,イオン,サーティワン イオン隼人国分店 霧島市 隼人,13
472,隼人,スーパー・食品,坂田金時堂,坂田金時堂,坂田金時堂 霧島市 隼人,13
473,隼人,その他,酒処西小路,,酒処西小路 霧島市 隼人,13
474,隼人,サービス,さつきブライダル,ブライダル,さつきブライダル 霧島市 隼人,13
475,隼人,スーパー・食品,さつま揚げの別甲屋 イオン隼人国分店,イオン,さつま揚げの別甲屋 イオン隼人国分店 霧島市 隼人,13
476,隼人,カフェ・スイーツ,薩摩蒸気屋 隼人店,薩摩蒸気屋,薩摩蒸気屋 隼人店 霧島市 隼人,13
477,隼人,美容・理容,サロン・アロマ日和,サロン,サロン・アロマ日和 霧島市 隼人,13
478,隼人,美容・理容,salon de Rise,salon,salon de Rise 霧島市 隼人,13
479,隼人,その他,サンキュー 隼人店,,サンキュー 隼人店 霧島市 隼人,13
480,隼人,住宅・工務店・設備,産後ケアハウス みつおHOUSE,ハウス,産後ケアハウス みつおHOUSE 霧島市 隼人,13
481,隼人,車・バイク・ガソリン,GTショップヨコハマ,GTショップ,GTショップヨコハマ 霧島市 隼人,13
482,隼人,スーパー・食品,GG SPACE イオン隼人国分店,イオン,GG SPACE イオン隼人国分店 霧島市 隼人,13
483,隼人,その他,しちりんや 隼人店,,しちりんや 隼人店 霧島市 隼人,13
484,隼人,車・バイク・ガソリン,芝自動車,自動車,芝自動車 霧島市 隼人,13
485,隼人,飲食店,Japanese dining 幸喜,dining,Japanese dining 幸喜 霧島市 隼人,13
486,隼人,カフェ・スイーツ,ジャパンホーム,パン,ジャパンホーム 霧島市 隼人,13
487,隼人,その他,じゅうじゅうカルビ 霧島隼人店,,じゅうじゅうカルビ 霧島隼人店 霧島市 隼人,13
488,隼人,その他,十八番 霧島隼人店,,十八番 霧島隼人店 霧島市 隼人,13
489,隼人,その他,旬彩 かみむら,,旬彩 かみむら 霧島市 隼人,13
490,隼人,スーパー・食品,庄屋 イオン隼人国分店,イオン,庄屋 イオン隼人国分店 霧島市 隼人,13
491,隼人,スーパー・食品,食肉総専門 今肉屋,食肉,食肉総専門 今肉屋 霧島市 隼人,13
492,隼人,宿泊・温泉,数寄の宿 野鶴亭,宿,数寄の宿 野鶴亭 霧島市 隼人,13
493,隼人,スーパー・食品,スーパーセンタートライアル 隼人店,トライアル,スーパーセンタートライアル 隼人店 霧島市 隼人,13
494,隼人,飲食店,寿司・和食の亀幸,寿司,寿司・和食の亀幸 霧島市 隼人,13
495,隼人,スーパー・食品,スタジオハマヤ イオン隼人国分店,イオン,スタジオハマヤ イオン隼人国分店 霧島市 隼人,13
496,隼人,スーパー・食品,ストアーうちだ,ストアー,ストアーうちだ 霧島市 隼人,13
497,隼人,飲食店,すみよし食堂,食堂,すみよし食堂 霧島市 隼人,13
498,隼人,その他,精光堂,,精光堂 霧島市 隼人,13
499,隼人,コンビニ,セブンイレブン 鹿児島空港インター店,セブンイレブン,セブンイレブン 鹿児島空港インター店 霧島市 隼人,13
500,隼人,コンビニ,セブンイレブン 隼人小田店,セブンイレブン,セブンイレブン 隼人小田店 霧島市 隼人,13
501,隼人,コンビニ,セブンイレブン 隼人日当山店,セブンイレブン,セブンイレブン 隼人日当山店 霧島市 隼人,13
502,隼人,コンビニ,セブンイレブン 隼人姫城店,セブンイレブン,セブンイレブン 隼人姫城店 霧島市 隼人,13
503,隼人,コンビニ,セブンイレブン 隼人見次店,セブンイレブン,セブンイレブン 隼人見次店 霧島市 隼人,14
504,隼人,コンビニ,セブンイレブン 隼人住吉店,セブンイレブン,セブンイレブン 隼人住吉店 霧島市 隼人,14
505,隼人,コンビニ,セブンイレブン 南隼人店,セブンイレブン,セブンイレブン 南隼人店 霧島市 隼人,14
506,隼人,美容・理容,SELECT SHOP COQUETTE,COQUETTE,SELECT SHOP COQUETTE 霧島市 隼人,14
507,隼人,車・バイク・ガソリン,洗車工房 隼人店,洗車,洗車工房 隼人店 霧島市 隼人,14
508,隼人,サービス,荘厳社,荘厳社,荘厳社 霧島市 隼人,14
509,隼人,飲食店,そば茶屋吹上庵 隼人中央店,そば,そば茶屋吹上庵 隼人中央店 霧島市 隼人,14
510,隼人,飲食店,そば茶屋吹上庵 空港バイパス店,そば,そば茶屋吹上庵 空港バイパス店 霧島市 隼人,14
511,隼人,サービス,曽山商店,商店,曽山商店 霧島市 隼人,14
512,隼人,整体・整骨・リラクゼーション,タイ古式マッサージ センサバイ,マッサージ,タイ古式マッサージ センサバイ 霧島市 隼人,14
513,隼人,飲食店,大漁市場こんぴら丸隼人店,こんぴら丸,大漁市場こんぴら丸隼人店 霧島市 隼人,14
514,隼人,その他,ダイレックス 隼人店,,ダイレックス 隼人店 霧島市 隼人,14
515,隼人,住宅・工務店・設備,たちばな畳・ふすま店,畳,たちばな畳・ふすま店 霧島市 隼人,14
516,隼人,カフェ・スイーツ,タルトとスイーツSKYPIA,スイーツ,タルトとスイーツSKYPIA 霧島市 隼人,14
517,隼人,飲食店,中国料理なすの華,中国料理,中国料理なすの華 霧島市 隼人,14
518,隼人,スーパー・食品,⾧命ヘルシン酢醸造,酢醸造,⾧命ヘルシン酢醸造 霧島市 隼人,14
519,隼人,住宅・工務店・設備,津田和建設,建設,津田和建設 霧島市 隼人,14
520,隼人,家電・ホームセンター,Dプラザ鹿児島隼人店,Dプラザ,Dプラザ鹿児島隼人店 霧島市 隼人,14
521,隼人,カフェ・スイーツ,手造り菓子工房 かしの樹,菓子,手造り菓子工房 かしの樹 霧島市 隼人,14
522,隼人,衣料・靴・メガネ,とくだフトン店,フトン,とくだフトン店 霧島市 隼人,14
523,隼人,車・バイク・ガソリン,徳光自動車商会,自動車,徳光自動車商会 霧島市 隼人,14
524,隼人,車・バイク・ガソリン,徳吉自動車,自動車,徳吉自動車 霧島市 隼人,14
525,隼人,ドラッグストア・薬局,とざか薬局,薬局,とざか薬局 霧島市 隼人,14
526,隼人,ドラッグストア・薬局,とざか薬局 隼人店,薬局,とざか薬局 隼人店 霧島市 隼人,14
527,隼人,その他,どったんばっ炭,,どったんばっ炭 霧島市 隼人,14
528,隼人,住宅・工務店・設備,冨森畳店,畳,冨森畳店 霧島市 隼人,14
529,隼人,車・バイク・ガソリン,Dｒ.Drive ITS 隼人給油所,給油所,Dｒ.Drive ITS 隼人給油所 霧島市 隼人,14
530,隼人,サービス,ドライブイン小浜,ドライ,ドライブイン小浜 霧島市 隼人,14
531,隼人,ドラッグストア・薬局,ドラッグイレブン 姫城店,ドラッグ,ドラッグイレブン 姫城店 霧島市 隼人,14
532,隼人,ドラッグストア・薬局,ドラッグストアコスモス 隼人店,ドラッグ,ドラッグストアコスモス 隼人店 霧島市 隼人,14
533,隼人,ドラッグストア・薬局,ドラッグストアコスモス 隼人中央店,ドラッグ,ドラッグストアコスモス 隼人中央店 霧島市 隼人,14
534,隼人,ドラッグストア・薬局,ドラッグストアコスモス 日当山店,ドラッグ,ドラッグストアコスモス 日当山店 霧島市 隼人,14
535,隼人,ドラッグストア・薬局,ドラッグストアコスモス 見次店,ドラッグ,ドラッグストアコスモス 見次店 霧島市 隼人,14
536,隼人,ドラッグストア・薬局,ドラッグストアモリ 隼人店,ドラッグ,ドラッグストアモリ 隼人店 霧島市 隼人,14
537,隼人,飲食店,鶏どうらく,鶏どうらく,鶏どうらく 霧島市 隼人,14
538,隼人,スーパー・食品,鶏のみやま 隼人販売所,鶏のみやま,鶏のみやま 隼人販売所 霧島市 隼人,14
539,隼人,整体・整骨・リラクゼーション,トレーニングセンターサンプレイ,サンプレイ,トレーニングセンターサンプレイ 霧島市 隼人,14
540,隼人,スーパー・食品,とんかつ竹亭 イオン隼人国分店,イオン,とんかつ竹亭 イオン隼人国分店 霧島市 隼人,14
541,隼人,その他,tombo coffee,,tombo coffee 霧島市 隼人,14
542,隼人,整体・整骨・リラクゼーション,永峯整骨院,整骨院,永峯整骨院 霧島市 隼人,15
543,隼人,サービス,中村写真工房,写真,中村写真工房 霧島市 隼人,15
544,隼人,交通・代行,中村タクシー,タクシー,中村タクシー 霧島市 隼人,15
545,隼人,サービス,ナギサセンター,センター,ナギサセンター 霧島市 隼人,15
546,隼人,飲食店,ナンバーワンオートセンター,バー,ナンバーワンオートセンター 霧島市 隼人,15
547,隼人,住宅・工務店・設備,庭蒼,庭蒼,庭蒼 霧島市 隼人,15
548,隼人,カフェ・スイーツ,猫ちゃんいる夜カフェ＆カクテルバー ダニエルのいえ,カフェ,猫ちゃんいる夜カフェ＆カクテルバー ダニエルのいえ 霧島市 隼人,15
549,隼人,その他,ネッビア,,ネッビア 霧島市 隼人,15
550,隼人,整体・整骨・リラクゼーション,ねむのき鍼灸整骨院,整骨院,ねむのき鍼灸整骨院 霧島市 隼人,15
551,隼人,カフェ・スイーツ,ノアコーヒー,コーヒー,ノアコーヒー 霧島市 隼人,15
552,隼人,スーパー・食品,バースデイ イオン隼人国分店,イオン,バースデイ イオン隼人国分店 霧島市 隼人,15
553,隼人,カフェ・スイーツ,Patisserie HIMITSUKICHI,Patisserie,Patisserie HIMITSUKICHI 霧島市 隼人,15
554,隼人,住宅・工務店・設備,浜崎タタミ店,タタミ,浜崎タタミ店 霧島市 隼人,15
555,隼人,雑貨・花・ギフト,隼風窯（はやせがま）,窯,隼風窯（はやせがま） 霧島市 隼人,15
556,隼人,医療・福祉,はやと形成外科クリニック,クリニック,はやと形成外科クリニック 霧島市 隼人,15
557,隼人,医療・福祉,はやと国分福祉タクシー,福祉,はやと国分福祉タクシー 霧島市 隼人,15
558,隼人,スーパー・食品,居酒屋 隼人や,酒屋,居酒屋 隼人や 霧島市 隼人,15
559,隼人,その他,Paris Roi,,Paris Roi 霧島市 隼人,15
560,隼人,スーパー・食品,肥後ストアー,ストアー,肥後ストアー 霧島市 隼人,15
561,隼人,飲食店,日当山無垢食堂,食堂,日当山無垢食堂 霧島市 隼人,15
562,隼人,衣料・靴・メガネ,ヒマラヤ 霧島隼人店,ヒマラヤ,ヒマラヤ 霧島隼人店 霧島市 隼人,15
563,隼人,ドラッグストア・薬局,ひめぎ薬局,薬局,ひめぎ薬局 霧島市 隼人,15
564,隼人,スーパー・食品,ひもの屋酒元水産直売所,水産,ひもの屋酒元水産直売所 霧島市 隼人,15
565,隼人,美容・理容,美容室 Spica（スピカ）,美容室,美容室 Spica（スピカ） 霧島市 隼人,15
566,隼人,美容・理容,美容室 ディーズカンパニー,美容室,美容室 ディーズカンパニー 霧島市 隼人,15
567,隼人,美容・理容,美容室ベル,美容室,美容室ベル 霧島市 隼人,15
568,隼人,整体・整骨・リラクゼーション,ファイテン元気upプラザ,ファイテン,ファイテン元気upプラザ 霧島市 隼人,15
569,隼人,衣料・靴・メガネ,ファッションハウスマエヒラ,ファッション,ファッションハウスマエヒラ 霧島市 隼人,15
570,隼人,コンビニ,ファミリーマート 霧島市立医師会医療センター/S,ファミリーマート,ファミリーマート 霧島市立医師会医療センター/S 霧島市 隼人,15
571,隼人,コンビニ,ファミリーマート はとや日当山店,ファミリーマート,ファミリーマート はとや日当山店 霧島市 隼人,15
572,隼人,コンビニ,ファミリーマート はとや松永店,ファミリーマート,ファミリーマート はとや松永店 霧島市 隼人,15
573,隼人,コンビニ,ファミリーマート 隼人塚公園前店,ファミリーマート,ファミリーマート 隼人塚公園前店 霧島市 隼人,15
574,隼人,サービス,佛壇の古屋鋪 隼人店,佛壇,佛壇の古屋鋪 隼人店 霧島市 隼人,15
575,隼人,スーパー・食品,プラスワン イオン隼人国分店,イオン,プラスワン イオン隼人国分店 霧島市 隼人,15
576,隼人,カフェ・スイーツ,BOULANGERIE NOEL,BOULANGERIE,BOULANGERIE NOEL 霧島市 隼人,15
577,隼人,家電・ホームセンター,ブルケンウエスト ダイコク霧島店,ブルケン,ブルケンウエスト ダイコク霧島店 霧島市 隼人,15
578,隼人,美容・理容,ヘアーサロンはいから,ヘア,ヘアーサロンはいから 霧島市 隼人,15
579,隼人,美容・理容,ヘアーサロン迫田,ヘア,ヘアーサロン迫田 霧島市 隼人,15
580,隼人,カフェ・スイーツ,BAKER SHIMOFUL,BAKER,BAKER SHIMOFUL 霧島市 隼人,15
581,隼人,カフェ・スイーツ,Bakery Choice,Bakery,Bakery Choice 霧島市 隼人,16
582,隼人,サービス,便利屋 武,便利屋,便利屋 武 霧島市 隼人,16
583,隼人,家電・ホームセンター,ホームプラザナフコ 隼人店,ナフコ,ホームプラザナフコ 隼人店 霧島市 隼人,16
584,隼人,その他,ほっともっと 隼人姫城店,,ほっともっと 隼人姫城店 霧島市 隼人,16
585,隼人,整体・整骨・リラクゼーション,ボディメイクアスポーテ,ボディメイク,ボディメイクアスポーテ 霧島市 隼人,16
586,隼人,宿泊・温泉,ホテル京セラ,ホテル,ホテル京セラ 霧島市 隼人,16
587,隼人,車・バイク・ガソリン,Honda Cars 鹿児島北,Honda,Honda Cars 鹿児島北 霧島市 隼人,16
588,隼人,衣料・靴・メガネ,マイまくら 国分店,マイまくら,マイまくら 国分店 霧島市 隼人,16
589,隼人,その他,まちかどスタンドシグナル,,まちかどスタンドシグナル 霧島市 隼人,16
590,隼人,医療・福祉,みつお産婦人科,産婦人科,みつお産婦人科 霧島市 隼人,16
591,隼人,カフェ・スイーツ,MINOUCAFE,CAFE,MINOUCAFE 霧島市 隼人,16
592,隼人,その他,MEGAドン・キホーテ 霧島隼人店,,MEGAドン・キホーテ 霧島隼人店 霧島市 隼人,16
593,隼人,衣料・靴・メガネ,メガネ２１ 隼人店,メガネ,メガネ２１ 隼人店 霧島市 隼人,16
594,隼人,スーパー・食品,メガネのヨネザワ イオン隼人国分店,イオン,メガネのヨネザワ イオン隼人国分店 霧島市 隼人,16
595,隼人,その他,恵屋プラス 隼人店,,恵屋プラス 隼人店 霧島市 隼人,16
596,隼人,飲食店,モスバーガー 隼人店,バー,モスバーガー 隼人店 霧島市 隼人,16
597,隼人,その他,Monte e Mare,,Monte e Mare 霧島市 隼人,16
598,隼人,飲食店,焼肉なべしま 隼人店,焼肉,焼肉なべしま 隼人店 霧島市 隼人,16
599,隼人,スーパー・食品,山形屋ショッピングプラザ 隼人店,山形屋ショッピング,山形屋ショッピングプラザ 隼人店 霧島市 隼人,16
600,隼人,スーパー・食品,山口米店,米店,山口米店 霧島市 隼人,16
601,隼人,スーパー・食品,山下酒店,酒店,山下酒店 霧島市 隼人,16
602,隼人,その他,森の弁当 やまだ屋,,森の弁当 やまだ屋 霧島市 隼人,16
603,隼人,宿泊・温泉,優湯庵,優湯庵,優湯庵 霧島市 隼人,16
604,隼人,宿泊・温泉,ゆごや物語,ゆごや,ゆごや物語 霧島市 隼人,16
605,隼人,レジャー・観光,ライダーズステーション,ライダーズステーション,ライダーズステーション 霧島市 隼人,16
606,隼人,飲食店,楽天ラーメン,ラーメン,楽天ラーメン 霧島市 隼人,16
607,隼人,美容・理容,eye salon Rasiku,salon,eye salon Rasiku 霧島市 隼人,16
608,隼人,整体・整骨・リラクゼーション,ラッキー鍼灸院,鍼灸,ラッキー鍼灸院 霧島市 隼人,16
609,隼人,整体・整骨・リラクゼーション,ラッキー整骨院,整骨院,ラッキー整骨院 霧島市 隼人,16
610,隼人,美容・理容,LAVOTTO CRERCE,LAVOTTO,LAVOTTO CRERCE 霧島市 隼人,16
611,隼人,その他,Lamp+,,Lamp+ 霧島市 隼人,16
612,隼人,家電・ホームセンター,リビング幸和,リビング,リビング幸和 霧島市 隼人,16
613,隼人,美容・理容,RE-BORN of  hair,hair,RE-BORN of  hair 霧島市 隼人,16
614,隼人,整体・整骨・リラクゼーション,リラクゼーション maru,リラクゼーション,リラクゼーション maru 霧島市 隼人,16
615,隼人,美容・理容,リラクゼーションサロン アロマガーデン,サロン,リラクゼーションサロン アロマガーデン 霧島市 隼人,16
616,隼人,美容・理容,リラクゼーションサロン＆ヨガ 琥珀,サロン,リラクゼーションサロン＆ヨガ 琥珀 霧島市 隼人,16
617,隼人,飲食店,レストランすまいる,レストラン,レストランすまいる 霧島市 隼人,16
618,隼人,コンビニ,ローソン 霧島隼人神宮一丁目店,ローソン,ローソン 霧島隼人神宮一丁目店 霧島市 隼人,16
619,隼人,コンビニ,ローソン 霧島隼人真孝店,ローソン,ローソン 霧島隼人真孝店 霧島市 隼人,16
620,隼人,コンビニ,ローソン 霧島隼人日当山店,ローソン,ローソン 霧島隼人日当山店 霧島市 隼人,17
621,隼人,コンビニ,ローソン 隼人姫城店,ローソン,ローソン 隼人姫城店 霧島市 隼人,17
622,隼人,車・バイク・ガソリン,ロータス隼人,ロータス,ロータス隼人 霧島市 隼人,17
623,隼人,衣料・靴・メガネ,ワークショップしんあい,ワークショップ,ワークショップしんあい 霧島市 隼人,17
624,隼人,カフェ・スイーツ,和菓子屋 隼人庵,菓子,和菓子屋 隼人庵 霧島市 隼人,17
625,隼人,ドラッグストア・薬局,わかば調剤薬局,薬局,わかば調剤薬局 霧島市 隼人,17
626,隼人,美容・理容,ワキシングサロン トミーズ（WAX脱毛専門サロン）,サロン,ワキシングサロン トミーズ（WAX脱毛専門サロン） 霧島市 隼人,17
627,隼人,その他,和味施,,和味施 霧島市 隼人,17
628,溝辺,サービス,あいら農業協同組合 茶業課,農業協同組合,あいら農業協同組合 茶業課 霧島市 溝辺,17
629,溝辺,サービス,あいら農業協同組合 溝辺購買店舗,農業協同組合,あいら農業協同組合 溝辺購買店舗 霧島市 溝辺,17
630,溝辺,住宅・工務店・設備,アイランド工業,アイランド工業,アイランド工業 霧島市 溝辺,17
631,溝辺,その他,アイリー,,アイリー 霧島市 溝辺,17
632,溝辺,ドラッグストア・薬局,あおぞら薬局,薬局,あおぞら薬局 霧島市 溝辺,17
633,溝辺,住宅・工務店・設備,アクアテック,アクアテック,アクアテック 霧島市 溝辺,17
634,溝辺,整体・整骨・リラクゼーション,池田鍼灸院,鍼灸,池田鍼灸院 霧島市 溝辺,17
635,溝辺,車・バイク・ガソリン,今島石油,石油,今島石油 霧島市 溝辺,17
636,溝辺,スーパー・食品,今吉製茶,製茶,今吉製茶 霧島市 溝辺,17
637,溝辺,スーパー・食品,今吉製茶 時キリシマ,製茶,今吉製茶 時キリシマ 霧島市 溝辺,17
638,溝辺,車・バイク・ガソリン,岩崎石油,石油,岩崎石油 霧島市 溝辺,17
639,溝辺,飲食店,いわさきのキッチンさつま,キッチン,いわさきのキッチンさつま 霧島市 溝辺,17
640,溝辺,レジャー・観光,エアポート山形屋 1号売店,エアポート,エアポート山形屋 1号売店 霧島市 溝辺,17
641,溝辺,レジャー・観光,エアポート山形屋 ２号売店,エアポート,エアポート山形屋 ２号売店 霧島市 溝辺,17
642,溝辺,レジャー・観光,ANAFESTA 鹿児島2Fロビー店,ANAFESTA,ANAFESTA 鹿児島2Fロビー店 霧島市 溝辺,17
643,溝辺,レジャー・観光,ANAFESTA 鹿児島1Fロビー店,ANAFESTA,ANAFESTA 鹿児島1Fロビー店 霧島市 溝辺,17
644,溝辺,スーパー・食品,Aコープみぞべ店,Aコープ,Aコープみぞべ店 霧島市 溝辺,17
645,溝辺,飲食店,大空食堂,食堂,大空食堂 霧島市 溝辺,17
646,溝辺,スーパー・食品,大坪茶舗,茶舗,大坪茶舗 霧島市 溝辺,17
647,溝辺,その他,お茶の松山産業,,お茶の松山産業 霧島市 溝辺,17
648,溝辺,スーパー・食品,海江田鶏肉店,鶏肉,海江田鶏肉店 霧島市 溝辺,17
649,溝辺,レジャー・観光,鹿児島空港免税店「DUTY FREE SHOP」,空港,鹿児島空港免税店「DUTY FREE SHOP」 霧島市 溝辺,17
650,溝辺,カフェ・スイーツ,カフェレスト異人館,カフェ,カフェレスト異人館 霧島市 溝辺,17
651,溝辺,飲食店,韓国料理 洪家苑,洪家苑,韓国料理 洪家苑 霧島市 溝辺,17
652,溝辺,スーパー・食品,空港製茶,製茶,空港製茶 霧島市 溝辺,17
653,溝辺,その他,食楽々,,食楽々 霧島市 溝辺,17
654,溝辺,スーパー・食品,麹・発酵ホテルGEN,麹,麹・発酵ホテルGEN 霧島市 溝辺,17
655,溝辺,家電・ホームセンター,コメリハード＆グリーン 溝辺店,コメリ,コメリハード＆グリーン 溝辺店 霧島市 溝辺,17
656,溝辺,スーパー・食品,坂留鶏肉店 空港前店,鶏肉,坂留鶏肉店 空港前店 霧島市 溝辺,17
657,溝辺,その他,さかな屋ななみ,,さかな屋ななみ 霧島市 溝辺,17
658,溝辺,その他,茶楽園,,茶楽園 霧島市 溝辺,17
659,溝辺,その他,旬彩お届け料理 あしび,,旬彩お届け料理 あしび 霧島市 溝辺,18
660,溝辺,その他,末重商事,,末重商事 霧島市 溝辺,18
661,溝辺,スーパー・食品,末重製茶,製茶,末重製茶 霧島市 溝辺,18
662,溝辺,カフェ・スイーツ,SKY CAFE KAGOSHIMA 5G喫茶,CAFE,SKY CAFE KAGOSHIMA 5G喫茶 霧島市 溝辺,18
663,溝辺,カフェ・スイーツ,SKY CAFE KAGOSHIMA 8G喫茶,CAFE,SKY CAFE KAGOSHIMA 8G喫茶 霧島市 溝辺,18
664,溝辺,レジャー・観光,SkyShop 2F売店,SkyShop,SkyShop 2F売店 霧島市 溝辺,18
665,溝辺,レジャー・観光,SkyShop 6ゲート売店,SkyShop,SkyShop 6ゲート売店 霧島市 溝辺,18
666,溝辺,レジャー・観光,SkyShop 9ゲート売店,SkyShop,SkyShop 9ゲート売店 霧島市 溝辺,18
667,溝辺,コンビニ,セブンイレブン 鹿児島空港前店,セブンイレブン,セブンイレブン 鹿児島空港前店 霧島市 溝辺,18
668,溝辺,コンビニ,セブンイレブン 霧島溝辺店,セブンイレブン,セブンイレブン 霧島溝辺店 霧島市 溝辺,18
669,溝辺,コンビニ,セブンイレブン 霧島溝辺有川店,セブンイレブン,セブンイレブン 霧島溝辺有川店 霧島市 溝辺,18
670,溝辺,宿泊・温泉,竹川峡,竹川峡,竹川峡 霧島市 溝辺,18
671,溝辺,サービス,徳永商会,商会,徳永商会 霧島市 溝辺,18
672,溝辺,カフェ・スイーツ,ドトールコーヒーショップ 鹿児島空港店,コーヒー,ドトールコーヒーショップ 鹿児島空港店 霧島市 溝辺,18
673,溝辺,ドラッグストア・薬局,ドラッグセイムス 霧島溝辺店,ドラッグ,ドラッグセイムス 霧島溝辺店 霧島市 溝辺,18
674,溝辺,その他,鶏幸房,,鶏幸房 霧島市 溝辺,18
675,溝辺,住宅・工務店・設備,中山工務店,工務店,中山工務店 霧島市 溝辺,18
676,溝辺,美容・理容,ネイルサロン ラティエ,サロン,ネイルサロン ラティエ 霧島市 溝辺,18
677,溝辺,車・バイク・ガソリン,原口石油 空港バイパスSS,石油,原口石油 空港バイパスSS 霧島市 溝辺,18
678,溝辺,レジャー・観光,バレルバレーPRAHA＆Gｅｎ/霧島こうじ蔵ＧＥＮ,バレルバレー,バレルバレーPRAHA＆Gｅｎ/霧島こうじ蔵ＧＥＮ 霧島市 溝辺,18
679,溝辺,カフェ・スイーツ,パンの木ベーカリー,ベーカリー,パンの木ベーカリー 霧島市 溝辺,18
680,溝辺,コンビニ,ファミリーマート 徳永麓店,ファミリーマート,ファミリーマート 徳永麓店 霧島市 溝辺,18
681,溝辺,コンビニ,ファミリーマート 溝辺有川店,ファミリーマート,ファミリーマート 溝辺有川店 霧島市 溝辺,18
682,溝辺,車・バイク・ガソリン,藤谷自動車,自動車,藤谷自動車 霧島市 溝辺,18
683,溝辺,その他,フルーツショップ末重,,フルーツショップ末重 霧島市 溝辺,18
684,溝辺,カフェ・スイーツ,ヘアーサロンプリンス,プリン,ヘアーサロンプリンス 霧島市 溝辺,18
685,溝辺,その他,Ｈａｉｒ ｓｈｏｐ Ｗｉｓｈ,,Ｈａｉｒ ｓｈｏｐ Ｗｉｓｈ 霧島市 溝辺,18
686,溝辺,その他,ママカラ美腸活,,ママカラ美腸活 霧島市 溝辺,18
687,溝辺,サービス,マルチモービルステーション,マルチモービルステーション,マルチモービルステーション 霧島市 溝辺,18
688,溝辺,スーパー・食品,溝辺町物産館よこで～ろ,物産館,溝辺町物産館よこで～ろ 霧島市 溝辺,18
689,溝辺,医療・福祉,溝辺ペットクリニック,クリニック,溝辺ペットクリニック 霧島市 溝辺,18
690,溝辺,サービス,南日本新聞みぞべ販売所,新聞,南日本新聞みぞべ販売所 霧島市 溝辺,18
691,溝辺,飲食店,焼絵屋,焼,焼絵屋 霧島市 溝辺,18
692,溝辺,飲食店,山形屋食堂 エアポート店,食堂,山形屋食堂 エアポート店 霧島市 溝辺,18
693,溝辺,住宅・工務店・設備,山口農園機工,山口農園機工,山口農園機工 霧島市 溝辺,18
694,溝辺,コンビニ,ローソン 霧島溝辺麓店,ローソン,ローソン 霧島溝辺麓店 霧島市 溝辺,18
695,溝辺,その他,Romans.,,Romans. 霧島市 溝辺,18
696,溝辺,その他,ワールドショップセンカ,,ワールドショップセンカ 霧島市 溝辺,18
697,横川,サービス,あいら農業協同組合 横川購買店舗,農業協同組合,あいら農業協同組合 横川購買店舗 霧島市 横川,18
698,横川,その他,有光,,有光 霧島市 横川,19
699,横川,スーパー・食品,古賀酒店,酒店,古賀酒店 霧島市 横川,19
700,横川,その他,コッコ屋 横川店,,コッコ屋 横川店 霧島市 横川,19
701,横川,車・バイク・ガソリン,栄車輌整備工場,車輌,栄車輌整備工場 霧島市 横川,19
702,横川,美容・理容,鮫島理美容,理美容,鮫島理美容 霧島市 横川,19
703,横川,車・バイク・ガソリン,下島自動車,自動車,下島自動車 霧島市 横川,19
704,横川,衣料・靴・メガネ,シューズショップさきもと,シューズ,シューズショップさきもと 霧島市 横川,19
705,横川,コンビニ,セブンイレブン 霧島横川店,セブンイレブン,セブンイレブン 霧島横川店 霧島市 横川,19
706,横川,スーパー・食品,竹下青果,青果,竹下青果 霧島市 横川,19
707,横川,車・バイク・ガソリン,土佐屋 かごしま空港３６カントリークラブ,カントリークラブ,土佐屋 かごしま空港３６カントリークラブ 霧島市 横川,19
708,横川,サービス,白陽舎ドライ,ドライ,白陽舎ドライ 霧島市 横川,19
709,横川,サービス,早渕商店,商店,早渕商店 霧島市 横川,19
710,横川,コンビニ,ファミリーマート 横川インター店,ファミリーマート,ファミリーマート 横川インター店 霧島市 横川,19
711,横川,サービス,森山センター,センター,森山センター 霧島市 横川,19
712,横川,飲食店,横川カレー食堂,食堂,横川カレー食堂 霧島市 横川,19
713,横川,美容・理容,横川化粧品店,化粧品,横川化粧品店 霧島市 横川,19
714,横川,車・バイク・ガソリン,横川自動車,自動車,横川自動車 霧島市 横川,19
715,横川,車・バイク・ガソリン,横川石油,石油,横川石油 霧島市 横川,19
716,牧園,サービス,あいら農業協同組合 牧園購買店舗,農業協同組合,あいら農業協同組合 牧園購買店舗 霧島市 牧園,19
717,牧園,その他,マイライフオオニワ,,マイライフオオニワ 霧島市 牧園,19
718,牧園,サービス,阿久井商店,商店,阿久井商店 霧島市 牧園,19
719,牧園,宿泊・温泉,安楽温泉 朱峰,温泉,安楽温泉 朱峰 霧島市 牧園,19
720,牧園,宿泊・温泉,祝橋温泉旅館,旅館,祝橋温泉旅館 霧島市 牧園,19
721,牧園,その他,USUKIYA＜ウスキヤ＞,,USUKIYA＜ウスキヤ＞ 霧島市 牧園,19
722,牧園,宿泊・温泉,AUBEGIO霧島観光ホテル,ホテル,AUBEGIO霧島観光ホテル 霧島市 牧園,19
723,牧園,雑貨・花・ギフト,おやど 花みずき,花,おやど 花みずき 霧島市 牧園,19
724,牧園,宿泊・温泉,おりはし旅館,旅館,おりはし旅館 霧島市 牧園,19
725,牧園,サービス,木下商店,商店,木下商店 霧島市 牧園,19
726,牧園,レジャー・観光,霧島公園タクシー,公園,霧島公園タクシー 霧島市 牧園,19
727,牧園,レジャー・観光,霧島高原国民休養地,国民休養地,霧島高原国民休養地 霧島市 牧園,19
728,牧園,宿泊・温泉,霧島国際ホテル,ホテル,霧島国際ホテル 霧島市 牧園,19
729,牧園,レジャー・観光,霧島ゴルフクラブ,ゴルフ,霧島ゴルフクラブ 霧島市 牧園,19
730,牧園,その他,霧島市営 関平鉱泉所,,霧島市営 関平鉱泉所 霧島市 牧園,19
731,牧園,車・バイク・ガソリン,霧島石油,石油,霧島石油 霧島市 牧園,19
732,牧園,車・バイク・ガソリン,霧島パークSS,SS,霧島パークSS 霧島市 牧園,19
733,牧園,雑貨・花・ギフト,霧島 花紫,花,霧島 花紫 霧島市 牧園,19
734,牧園,その他,霧島ふもとの駅,,霧島ふもとの駅 霧島市 牧園,19
735,牧園,宿泊・温泉,霧島ホテル,ホテル,霧島ホテル 霧島市 牧園,19
736,牧園,その他,霧島ゆめのや,,霧島ゆめのや 霧島市 牧園,19
737,牧園,飲食店,くいもんや花いちもんめ,花いちもんめ,くいもんや花いちもんめ 霧島市 牧園,20
738,牧園,その他,クリーンマートあべ,,クリーンマートあべ 霧島市 牧園,20
739,牧園,家電・ホームセンター,コメリハード＆グリーン 牧園店,コメリ,コメリハード＆グリーン 牧園店 霧島市 牧園,20
740,牧園,その他,サコー,,サコー 霧島市 牧園,20
741,牧園,その他,さつま路,,さつま路 霧島市 牧園,20
742,牧園,その他,幸せ茶ン。,,幸せ茶ン。 霧島市 牧園,20
743,牧園,宿泊・温泉,塩浸温泉龍馬公園,温泉,塩浸温泉龍馬公園 霧島市 牧園,20
744,牧園,医療・福祉,助産院 arkaya,助産院,助産院 arkaya 霧島市 牧園,20
745,牧園,コンビニ,セブンイレブン 霧島牧園店,セブンイレブン,セブンイレブン 霧島牧園店 霧島市 牧園,20
746,牧園,サービス,薗田写真工房,写真,薗田写真工房 霧島市 牧園,20
747,牧園,飲食店,そば茶房紗菜花,そば,そば茶房紗菜花 霧島市 牧園,20
748,牧園,サービス,茶園商店,商店,茶園商店 霧島市 牧園,20
749,牧園,その他,露乃樹さこう,,露乃樹さこう 霧島市 牧園,20
750,牧園,車・バイク・ガソリン,寺原給油所,給油所,寺原給油所 霧島市 牧園,20
751,牧園,宿泊・温泉,湯治の宿 妙見館,宿,湯治の宿 妙見館 霧島市 牧園,20
752,牧園,スーパー・食品,冨山酒店,酒店,冨山酒店 霧島市 牧園,20
753,牧園,飲食店,鳥遊ぶ森の宿 ふたり静,鳥,鳥遊ぶ森の宿 ふたり静 霧島市 牧園,20
754,牧園,家電・ホームセンター,トリオ電気サービス,電気サービス,トリオ電気サービス 霧島市 牧園,20
755,牧園,車・バイク・ガソリン,七又給油所,給油所,七又給油所 霧島市 牧園,20
756,牧園,スーパー・食品,西製茶工場,製茶,西製茶工場 霧島市 牧園,20
757,牧園,カフェ・スイーツ,PANYA・くらぶ,PANYA,PANYA・くらぶ 霧島市 牧園,20
758,牧園,宿泊・温泉,日の出温泉きのこの里,温泉,日の出温泉きのこの里 霧島市 牧園,20
759,牧園,車・バイク・ガソリン,広山石油店,石油,広山石油店 霧島市 牧園,20
760,牧園,コンビニ,ファミリーマート はとや牧園店,ファミリーマート,ファミリーマート はとや牧園店 霧島市 牧園,20
761,牧園,宿泊・温泉,夫婦露天風呂の宿 天テラス,宿,夫婦露天風呂の宿 天テラス 霧島市 牧園,20
762,牧園,その他,福寿鉱泉販売所,,福寿鉱泉販売所 霧島市 牧園,20
763,牧園,スーパー・食品,ヘンタ製茶,製茶,ヘンタ製茶 霧島市 牧園,20
764,牧園,宿泊・温泉,ホテル霧島キャッスル,ホテル,ホテル霧島キャッスル 霧島市 牧園,20
765,牧園,その他,牧園町特産品販売所,,牧園町特産品販売所 霧島市 牧園,20
766,牧園,車・バイク・ガソリン,丸野石油店,石油,丸野石油店 霧島市 牧園,20
767,牧園,宿泊・温泉,民宿みちや荘,宿,民宿みちや荘 霧島市 牧園,20
768,牧園,飲食店,焼肉厨房わきもと,焼肉,焼肉厨房わきもと 霧島市 牧園,20
769,牧園,飲食店,薬膳小町,膳,薬膳小町 霧島市 牧園,20
770,牧園,飲食店,山の麓のレストランふれんず,レストラン,山の麓のレストランふれんず 霧島市 牧園,20
771,牧園,飲食店,湯けむりダイニングトントン亭,ダイニング,湯けむりダイニングトントン亭 霧島市 牧園,20
772,牧園,宿泊・温泉,湯田商店,湯,湯田商店 霧島市 牧園,20
773,牧園,宿泊・温泉,ラビスタ霧島ヒルズ,ラビスタ,ラビスタ霧島ヒルズ 霧島市 牧園,20
774,牧園,宿泊・温泉,旅行人山荘,山荘,旅行人山荘 霧島市 牧園,20
775,牧園,飲食店,レストランおふくろ,レストラン,レストランおふくろ 霧島市 牧園,20
776,霧島,スーパー・食品,Aコープ 霧島店,Aコープ,Aコープ 霧島店 霧島市 霧島,21
777,霧島,その他,オーベルジュ かなざわ,,オーベルジュ かなざわ 霧島市 霧島,21
778,霧島,カフェ・スイーツ,OMBAK CAFE (オンバック カフェ),カフェ,OMBAK CAFE (オンバック カフェ) 霧島市 霧島,21
779,霧島,その他,霞燦 (カサン),,霞燦 (カサン) 霧島市 霧島,21
780,霧島,車・バイク・ガソリン,加藤自動車,自動車,加藤自動車 霧島市 霧島,21
781,霧島,その他,霧島町蒸留所・明るい農村,,霧島町蒸留所・明るい農村 霧島市 霧島,21
782,霧島,飲食店,霧島峠茶屋,霧島峠茶屋,霧島峠茶屋 霧島市 霧島,21
783,霧島,雑貨・花・ギフト,きりしまの石屋さん,石屋,きりしまの石屋さん 霧島市 霧島,21
784,霧島,雑貨・花・ギフト,霧島民芸村,民芸,霧島民芸村 霧島市 霧島,21
785,霧島,その他,Quili (きり),,Quili (きり) 霧島市 霧島,21
786,霧島,スーパー・食品,霧島屋酒店,酒店,霧島屋酒店 霧島市 霧島,21
787,霧島,飲食店,黒豚の館,黒豚,黒豚の館 霧島市 霧島,21
788,霧島,その他,光芒,,光芒 霧島市 霧島,21
789,霧島,雑貨・花・ギフト,紅葉窯,窯,紅葉窯 霧島市 霧島,21
790,霧島,家電・ホームセンター,コメリハード＆グリーン 霧島神宮駅店,コメリ,コメリハード＆グリーン 霧島神宮駅店 霧島市 霧島,21
791,霧島,車・バイク・ガソリン,西藤石油,石油,西藤石油 霧島市 霧島,21
792,霧島,スーパー・食品,坂元商店,坂元商店,坂元商店 霧島市 霧島,21
793,霧島,その他,ザ・パルス霧島,,ザ・パルス霧島 霧島市 霧島,21
794,霧島,その他,慈慈,,慈慈 霧島市 霧島,21
795,霧島,家電・ホームセンター,下登電機,電機,下登電機 霧島市 霧島,21
796,霧島,飲食店,神宮前茶屋,神宮前茶屋,神宮前茶屋 霧島市 霧島,21
797,霧島,レジャー・観光,道の駅霧島 神話の里公園,道の駅,道の駅霧島 神話の里公園 霧島市 霧島,21
798,霧島,飲食店,寿し処  大鳥居,寿し,寿し処  大鳥居 霧島市 霧島,21
799,霧島,コンビニ,セブンイレブン 霧島神宮駅前店,セブンイレブン,セブンイレブン 霧島神宮駅前店 霧島市 霧島,21
800,霧島,交通・代行,第一交通 霧島神宮営業所,交通,第一交通 霧島神宮営業所 霧島市 霧島,21
801,霧島,飲食店,タヴェルナマンジャーレ,マンジャーレ,タヴェルナマンジャーレ 霧島市 霧島,21
802,霧島,家電・ホームセンター,田方電気工事,電気工事,田方電気工事 霧島市 霧島,21
803,霧島,レジャー・観光,高千穂カントリー倶楽部,高千穂カントリー,高千穂カントリー倶楽部 霧島市 霧島,21
804,霧島,ドラッグストア・薬局,タケダ薬局,薬局,タケダ薬局 霧島市 霧島,21
805,霧島,宿泊・温泉,天からの贈り物 VillaMontpetre,Villa,天からの贈り物 VillaMontpetre 霧島市 霧島,21
806,霧島,車・バイク・ガソリン,徳留自動車,自動車,徳留自動車 霧島市 霧島,21
807,霧島,車・バイク・ガソリン,土橋自動車,自動車,土橋自動車 霧島市 霧島,21
808,霧島,スーパー・食品,中村商店,中村商店,中村商店 霧島市 霧島,21
809,霧島,コンビニ,ファミリーマート はとや霧島店,ファミリーマート,ファミリーマート はとや霧島店 霧島市 霧島,21
810,霧島,その他,星とのあいだ,,星とのあいだ 霧島市 霧島,21
811,霧島,その他,まめ千,,まめ千 霧島市 霧島,21
812,霧島,その他,ミコト乃フモト,,ミコト乃フモト 霧島市 霧島,21
813,霧島,スーパー・食品,みやま本舗 霧島店,みやま本舗,みやま本舗 霧島店 霧島市 霧島,21
814,霧島,その他,みらい荘,,みらい荘 霧島市 霧島,21
815,霧島,雑貨・花・ギフト,霧花,花,霧花 霧島市 霧島,22
816,霧島,飲食店,焼肉 花粋苑,焼肉,焼肉 花粋苑 霧島市 霧島,22
817,霧島,車・バイク・ガソリン,山崎石油,石油,山崎石油 霧島市 霧島,22
818,霧島,サービス,山下農機商会,商会,山下農機商会 霧島市 霧島,22
819,霧島,雑貨・花・ギフト,夢つる子窯,窯,夢つる子窯 霧島市 霧島,22
820,霧島,飲食店,若葉清掃社,若,若葉清掃社 霧島市 霧島,22
821,福山,サービス,あいら農業協同組合 福山購買店舗,農業協同組合,あいら農業協同組合 福山購買店舗 霧島市 福山,22
822,福山,サービス,赤池商店,商店,赤池商店 霧島市 福山,22
823,福山,住宅・工務店・設備,有村建設,建設,有村建設 霧島市 福山,22
824,福山,その他,宇都醸造,,宇都醸造 霧島市 福山,22
825,福山,スーパー・食品,Aコープ 牧の原店,Aコープ,Aコープ 牧の原店 霧島市 福山,22
826,福山,飲食店,お食事処 ひょうたん,食事,お食事処 ひょうたん 霧島市 福山,22
827,福山,飲食店,鹿児島ラーメンみよし家 本店,ラーメン,鹿児島ラーメンみよし家 本店 霧島市 福山,22
828,福山,スーパー・食品,かれがぁの焼酎屋 谷山酒店,酒店,かれがぁの焼酎屋 谷山酒店 霧島市 福山,22
829,福山,その他,楠元金物店,,楠元金物店 霧島市 福山,22
830,福山,車・バイク・ガソリン,久米村自動車,自動車,久米村自動車 霧島市 福山,22
831,福山,その他,黒酢ガーデン壺畑 SHOP&RESTAURANT,,黒酢ガーデン壺畑 SHOP&RESTAURANT 霧島市 福山,22
832,福山,飲食店,黒酢レストラン 黒酢の郷桷志田,レストラン,黒酢レストラン 黒酢の郷桷志田 霧島市 福山,22
833,福山,家電・ホームセンター,コメリ 牧之原店,コメリ,コメリ 牧之原店 霧島市 福山,22
834,福山,その他,坂元醸造 黒酢ｶﾞｰﾃﾞﾝ壺畑SHOP＆RESTAURANT,,坂元醸造 黒酢ｶﾞｰﾃﾞﾝ壺畑SHOP＆RESTAURANT 霧島市 福山,22
835,福山,その他,正栄企画,,正栄企画 霧島市 福山,22
836,福山,その他,スギモト技研,,スギモト技研 霧島市 福山,22
837,福山,飲食店,炭火焼肉 楠風,焼肉,炭火焼肉 楠風 霧島市 福山,22
838,福山,コンビニ,セブンイレブン 霧島牧之原店,セブンイレブン,セブンイレブン 霧島牧之原店 霧島市 福山,22
839,福山,その他,伊達醸造,,伊達醸造 霧島市 福山,22
840,福山,その他,てんとうむし,,てんとうむし 霧島市 福山,22
841,福山,スーパー・食品,永田ストアー,ストアー,永田ストアー 霧島市 福山,22
842,福山,スーパー・食品,濱田酒店,酒店,濱田酒店 霧島市 福山,22
843,福山,その他,福山町ふくふくふれあい館,,福山町ふくふくふれあい館 霧島市 福山,22
844,福山,その他,ふじた,,ふじた 霧島市 福山,22
845,福山,美容・理容,Hair space ing,Hair,Hair space ing 霧島市 福山,22
846,福山,その他,平成興産前屋敷,,平成興産前屋敷 霧島市 福山,22
847,福山,スーパー・食品,重久盛一酢醸造場（まるしげ、重久本舗）,酢醸造,重久盛一酢醸造場（まるしげ、重久本舗） 霧島市 福山,22
848,福山,車・バイク・ガソリン,宮路自動車,自動車,宮路自動車 霧島市 福山,22
849,福山,コンビニ,ローソン 霧島牧之原店,ローソン,ローソン 霧島牧之原店 霧島市 福山,22
850,福山,コンビニ,ローソン 福山町店,ローソン,ローソン 福山町店 霧島市 福山,22
